Workbook

Sheet Dashboard
A1: Home Renovation — Project Dashboard
A2: Everything here updates from the Tasks sheet. Yellow cells are yours to fill in.
A4: Possession date | B4: 46330 | D4: Overdue items | E4: =COUNTIF(Tasks!S5:S500,"OVERDUE") -> 0
A5: Today | B5: =TODAY() -> 46315 | D5: Due in next 7 days | E5: =COUNTIF(Tasks!S5:S500,"Due this week") -> 0
A6: Days until possession | B6: =IF(B4-B5>0,B4-B5,"Moved in") -> 15 | D6: Overall progress | E6: =IFERROR(COUNTIFS(Tasks!Q5:Q500,0,Tasks!E5:E500,"Done")/COUNTIF(Tasks!Q5:Q500,0),0) -> 0
A8: Area | B8: Tasks | C8: Sub-tasks | D8: In Progress | E8: Done | F8: % Complete | G8: Next Due | H8: Budget ($) | I8: Est. Cost ($) | J8: Actual ($) | K8: Remaining Budget ($) | L8: Variance vs Est. ($)
A9: Admin & Possession | B9: =COUNTIFS(Tasks!$C$5:$C$500,$A9,Tasks!$B$5:$B$500,"",Tasks!$A$5:$A$500,"<>") -> 2 | C9: =COUNTIFS(Tasks!$C$5:$C$500,$A9,Tasks!$B$5:$B$500,"<>") -> 6 | D9: =COUNTIFS(Tasks!$C$5:$C$500,$A9,Tasks!$E$5:$E$500,"In Progress") -> 0 | E9: =COUNTIFS(Tasks!$C$5:$C$500,$A9,Tasks!$E$5:$E$500,"Done") -> 0 | F9: =IFERROR(COUNTIFS(Tasks!$C$5:$C$500,$A9,Tasks!$Q$5:$Q$500,0,Tasks!$E$5:$E$500,"Done")/COUNTIFS(Tasks!$C$5:$C$500,$A9,Tasks!$Q$5:$Q$500,0),0) -> 0 | G9: =IFERROR(IF(_xlfn.MINIFS(Tasks!$J$5:$J$500,Tasks!$C$5:$C$500,$A9,Tasks!$E$5:$E$500,"<>Done")=0,"",_xlfn.MINIFS(Tasks!$J$5:$J$500,Tasks!$C$5:$C$500,$A9,Tasks!$E$5:$E$500,"<>Done")),"") -> 46330 | I9: =SUMIFS(Tasks!$N$5:$N$500,Tasks!$C$5:$C$500,$A9,Tasks!$Q$5:$Q$500,0) -> 0 | J9: =SUMIFS(Tasks!$O$5:$O$500,Tasks!$C$5:$C$500,$A9,Tasks!$Q$5:$Q$500,0) -> 0 | K9: =IF(H9="","",H9-J9) | L9: =J9-I9 -> 0
A10: Mold Remediation | B10: =COUNTIFS(Tasks!$C$5:$C$500,$A10,Tasks!$B$5:$B$500,"",Tasks!$A$5:$A$500,"<>") -> 4 | C10: =COUNTIFS(Tasks!$C$5:$C$500,$A10,Tasks!$B$5:$B$500,"<>") -> 10 | D10: =COUNTIFS(Tasks!$C$5:$C$500,$A10,Tasks!$E$5:$E$500,"In Progress") -> 0 | E10: =COUNTIFS(Tasks!$C$5:$C$500,$A10,Tasks!$E$5:$E$500,"Done") -> 0 | F10: =IFERROR(COUNTIFS(Tasks!$C$5:$C$500,$A10,Tasks!$Q$5:$Q$500,0,Tasks!$E$5:$E$500,"Done")/COUNTIFS(Tasks!$C$5:$C$500,$A10,Tasks!$Q$5:$Q$500,0),0) -> 0 | G10: =IFERROR(IF(_xlfn.MINIFS(Tasks!$J$5:$J$500,Tasks!$C$5:$C$500,$A10,Tasks!$E$5:$E$500,"<>Done")=0,"",_xlfn.MINIFS(Tasks!$J$5:$J$500,Tasks!$C$5:$C$500,$A10,Tasks!$E$5:$E$500,"<>Done")),"") -> 46332 | I10: =SUMIFS(Tasks!$N$5:$N$500,Tasks!$C$5:$C$500,$A10,Tasks!$Q$5:$Q$500,0) -> 0 | J10: =SUMIFS(Tasks!$O$5:$O$500,Tasks!$C$5:$C$500,$A10,Tasks!$Q$5:$Q$500,0) -> 0 | K10: =IF(H10="","",H10-J10) | L10: =J10-I10 -> 0
A11: Electrical Rough-in | B11: =COUNTIFS(Tasks!$C$5:$C$500,$A11,Tasks!$B$5:$B$500,"",Tasks!$A$5:$A$500,"<>") -> 3 | C11: =COUNTIFS(Tasks!$C$5:$C$500,$A11,Tasks!$B$5:$B$500,"<>") -> 6 | D11: =COUNTIFS(Tasks!$C$5:$C$500,$A11,Tasks!$E$5:$E$500,"In Progress") -> 0 | E11: =COUNTIFS(Tasks!$C$5:$C$500,$A11,Tasks!$E$5:$E$500,"Done") -> 0 | F11: =IFERROR(COUNTIFS(Tasks!$C$5:$C$500,$A11,Tasks!$Q$5:$Q$500,0,Tasks!$E$5:$E$500,"Done")/COUNTIFS(Tasks!$C$5:$C$500,$A11,Tasks!$Q$5:$Q$500,0),0) -> 0 | G11: =IFERROR(IF(_xlfn.MINIFS(Tasks!$J$5:$J$500,Tasks!$C$5:$C$500,$A11,Tasks!$E$5:$E$500,"<>Done")=0,"",_xlfn.MINIFS(Tasks!$J$5:$J$500,Tasks!$C$5:$C$500,$A11,Tasks!$E$5:$E$500,"<>Done")),"") -> 46336 | I11: =SUMIFS(Tasks!$N$5:$N$500,Tasks!$C$5:$C$500,$A11,Tasks!$Q$5:$Q$500,0) -> 0 | J11: =SUMIFS(Tasks!$O$5:$O$500,Tasks!$C$5:$C$500,$A11,Tasks!$Q$5:$Q$500,0) -> 0 | K11: =IF(H11="","",H11-J11) | L11: =J11-I11 -> 0
A12: Networking | B12: =COUNTIFS(Tasks!$C$5:$C$500,$A12,Tasks!$B$5:$B$500,"",Tasks!$A$5:$A$500,"<>") -> 1 | C12: =COUNTIFS(Tasks!$C$5:$C$500,$A12,Tasks!$B$5:$B$500,"<>") -> 6 | D12: =COUNTIFS(Tasks!$C$5:$C$500,$A12,Tasks!$E$5:$E$500,"In Progress") -> 0 | E12: =COUNTIFS(Tasks!$C$5:$C$500,$A12,Tasks!$E$5:$E$500,"Done") -> 0 | F12: =IFERROR(COUNTIFS(Tasks!$C$5:$C$500,$A12,Tasks!$Q$5:$Q$500,0,Tasks!$E$5:$E$500,"Done")/COUNTIFS(Tasks!$C$5:$C$500,$A12,Tasks!$Q$5:$Q$500,0),0) -> 0 | G12: =IFERROR(IF(_xlfn.MINIFS(Tasks!$J$5:$J$500,Tasks!$C$5:$C$500,$A12,Tasks!$E$5:$E$500,"<>Done")=0,"",_xlfn.MINIFS(Tasks!$J$5:$J$500,Tasks!$C$5:$C$500,$A12,Tasks!$E$5:$E$500,"<>Done")),"") -> 46336 | I12: =SUMIFS(Tasks!$N$5:$N$500,Tasks!$C$5:$C$500,$A12,Tasks!$Q$5:$Q$500,0) -> 0 | J12: =SUMIFS(Tasks!$O$5:$O$500,Tasks!$C$5:$C$500,$A12,Tasks!$Q$5:$Q$500,0) -> 0 | K12: =IF(H12="","",H12-J12) | L12: =J12-I12 -> 0
A13: Security Cameras | B13: =COUNTIFS(Tasks!$C$5:$C$500,$A13,Tasks!$B$5:$B$500,"",Tasks!$A$5:$A$500,"<>") -> 1 | C13: =COUNTIFS(Tasks!$C$5:$C$500,$A13,Tasks!$B$5:$B$500,"<>") -> 4 | D13: =COUNTIFS(Tasks!$C$5:$C$500,$A13,Tasks!$E$5:$E$500,"In Progress") -> 0 | E13: =COUNTIFS(Tasks!$C$5:$C$500,$A13,Tasks!$E$5:$E$500,"Done") -> 0 | F13: =IFERROR(COUNTIFS(Tasks!$C$5:$C$500,$A13,Tasks!$Q$5:$Q$500,0,Tasks!$E$5:$E$500,"Done")/COUNTIFS(Tasks!$C$5:$C$500,$A13,Tasks!$Q$5:$Q$500,0),0) -> 0 | G13: =IFERROR(IF(_xlfn.MINIFS(Tasks!$J$5:$J$500,Tasks!$C$5:$C$500,$A13,Tasks!$E$5:$E$500,"<>Done")=0,"",_xlfn.MINIFS(Tasks!$J$5:$J$500,Tasks!$C$5:$C$500,$A13,Tasks!$E$5:$E$500,"<>Done")),"") -> 46336 | I13: =SUMIFS(Tasks!$N$5:$N$500,Tasks!$C$5:$C$500,$A13,Tasks!$Q$5:$Q$500,0) -> 0 | J13: =SUMIFS(Tasks!$O$5:$O$500,Tasks!$C$5:$C$500,$A13,Tasks!$Q$5:$Q$500,0) -> 0 | K13: =IF(H13="","",H13-J13) | L13: =J13-I13 -> 0
A14: Insulation | B14: =COUNTIFS(Tasks!$C$5:$C$500,$A14,Tasks!$B$5:$B$500,"",Tasks!$A$5:$A$500,"<>") -> 2 | C14: =COUNTIFS(Tasks!$C$5:$C$500,$A14,Tasks!$B$5:$B$500,"<>") -> 4 | D14: =COUNTIFS(Tasks!$C$5:$C$500,$A14,Tasks!$E$5:$E$500,"In Progress") -> 0 | E14: =COUNTIFS(Tasks!$C$5:$C$500,$A14,Tasks!$E$5:$E$500,"Done") -> 0 | F14: =IFERROR(COUNTIFS(Tasks!$C$5:$C$500,$A14,Tasks!$Q$5:$Q$500,0,Tasks!$E$5:$E$500,"Done")/COUNTIFS(Tasks!$C$5:$C$500,$A14,Tasks!$Q$5:$Q$500,0),0) -> 0 | G14: =IFERROR(IF(_xlfn.MINIFS(Tasks!$J$5:$J$500,Tasks!$C$5:$C$500,$A14,Tasks!$E$5:$E$500,"<>Done")=0,"",_xlfn.MINIFS(Tasks!$J$5:$J$500,Tasks!$C$5:$C$500,$A14,Tasks!$E$5:$E$500,"<>Done")),"") -> 46339 | I14: =SUMIFS(Tasks!$N$5:$N$500,Tasks!$C$5:$C$500,$A14,Tasks!$Q$5:$Q$500,0) -> 0 | J14: =SUMIFS(Tasks!$O$5:$O$500,Tasks!$C$5:$C$500,$A14,Tasks!$Q$5:$Q$500,0) -> 0 | K14: =IF(H14="","",H14-J14) | L14: =J14-I14 -> 0
A15: Lighting & Pot Lights | B15: =COUNTIFS(Tasks!$C$5:$C$500,$A15,Tasks!$B$5:$B$500,"",Tasks!$A$5:$A$500,"<>") -> 3 | C15: =COUNTIFS(Tasks!$C$5:$C$500,$A15,Tasks!$B$5:$B$500,"<>") -> 3 | D15: =COUNTIFS(Tasks!$C$5:$C$500,$A15,Tasks!$E$5:$E$500,"In Progress") -> 0 | E15: =COUNTIFS(Tasks!$C$5:$C$500,$A15,Tasks!$E$5:$E$500,"Done") -> 0 | F15: =IFERROR(COUNTIFS(Tasks!$C$5:$C$500,$A15,Tasks!$Q$5:$Q$500,0,Tasks!$E$5:$E$500,"Done")/COUNTIFS(Tasks!$C$5:$C$500,$A15,Tasks!$Q$5:$Q$500,0),0) -> 0 | G15: =IFERROR(IF(_xlfn.MINIFS(Tasks!$J$5:$J$500,Tasks!$C$5:$C$500,$A15,Tasks!$E$5:$E$500,"<>Done")=0,"",_xlfn.MINIFS(Tasks!$J$5:$J$500,Tasks!$C$5:$C$500,$A15,Tasks!$E$5:$E$500,"<>Done")),"") -> 46339 | I15: =SUMIFS(Tasks!$N$5:$N$500,Tasks!$C$5:$C$500,$A15,Tasks!$Q$5:$Q$500,0) -> 0 | J15: =SUMIFS(Tasks!$O$5:$O$500,Tasks!$C$5:$C$500,$A15,Tasks!$Q$5:$Q$500,0) -> 0 | K15: =IF(H15="","",H15-J15) | L15: =J15-I15 -> 0
A16: Kitchen | B16: =COUNTIFS(Tasks!$C$5:$C$500,$A16,Tasks!$B$5:$B$500,"",Tasks!$A$5:$A$500,"<>") -> 10 | C16: =COUNTIFS(Tasks!$C$5:$C$500,$A16,Tasks!$B$5:$B$500,"<>") -> 3 | D16: =COUNTIFS(Tasks!$C$5:$C$500,$A16,Tasks!$E$5:$E$500,"In Progress") -> 0 | E16: =COUNTIFS(Tasks!$C$5:$C$500,$A16,Tasks!$E$5:$E$500,"Done") -> 0 | F16: =IFERROR(COUNTIFS(Tasks!$C$5:$C$500,$A16,Tasks!$Q$5:$Q$500,0,Tasks!$E$5:$E$500,"Done")/COUNTIFS(Tasks!$C$5:$C$500,$A16,Tasks!$Q$5:$Q$500,0),0) -> 0 | G16: =IFERROR(IF(_xlfn.MINIFS(Tasks!$J$5:$J$500,Tasks!$C$5:$C$500,$A16,Tasks!$E$5:$E$500,"<>Done")=0,"",_xlfn.MINIFS(Tasks!$J$5:$J$500,Tasks!$C$5:$C$500,$A16,Tasks!$E$5:$E$500,"<>Done")),"") | I16: =SUMIFS(Tasks!$N$5:$N$500,Tasks!$C$5:$C$500,$A16,Tasks!$Q$5:$Q$500,0) -> 0 | J16: =SUMIFS(Tasks!$O$5:$O$500,Tasks!$C$5:$C$500,$A16,Tasks!$Q$5:$Q$500,0) -> 0 | K16: =IF(H16="","",H16-J16) | L16: =J16-I16 -> 0
A17: Laundry Room | B17: =COUNTIFS(Tasks!$C$5:$C$500,$A17,Tasks!$B$5:$B$500,"",Tasks!$A$5:$A$500,"<>") -> 7 | C17: =COUNTIFS(Tasks!$C$5:$C$500,$A17,Tasks!$B$5:$B$500,"<>") -> 0 | D17: =COUNTIFS(Tasks!$C$5:$C$500,$A17,Tasks!$E$5:$E$500,"In Progress") -> 0 | E17: =COUNTIFS(Tasks!$C$5:$C$500,$A17,Tasks!$E$5:$E$500,"Done") -> 0 | F17: =IFERROR(COUNTIFS(Tasks!$C$5:$C$500,$A17,Tasks!$Q$5:$Q$500,0,Tasks!$E$5:$E$500,"Done")/COUNTIFS(Tasks!$C$5:$C$500,$A17,Tasks!$Q$5:$Q$500,0),0) -> 0 | G17: =IFERROR(IF(_xlfn.MINIFS(Tasks!$J$5:$J$500,Tasks!$C$5:$C$500,$A17,Tasks!$E$5:$E$500,"<>Done")=0,"",_xlfn.MINIFS(Tasks!$J$5:$J$500,Tasks!$C$5:$C$500,$A17,Tasks!$E$5:$E$500,"<>Done")),"") | I17: =SUMIFS(Tasks!$N$5:$N$500,Tasks!$C$5:$C$500,$A17,Tasks!$Q$5:$Q$500,0) -> 0 | J17: =SUMIFS(Tasks!$O$5:$O$500,Tasks!$C$5:$C$500,$A17,Tasks!$Q$5:$Q$500,0) -> 0 | K17: =IF(H17="","",H17-J17) | L17: =J17-I17 -> 0
A18: Upstairs Bath 1 | B18: =COUNTIFS(Tasks!$C$5:$C$500,$A18,Tasks!$B$5:$B$500,"",Tasks!$A$5:$A$500,"<>") -> 8 | C18: =COUNTIFS(Tasks!$C$5:$C$500,$A18,Tasks!$B$5:$B$500,"<>") -> 0 | D18: =COUNTIFS(Tasks!$C$5:$C$500,$A18,Tasks!$E$5:$E$500,"In Progress") -> 0 | E18: =COUNTIFS(Tasks!$C$5:$C$500,$A18,Tasks!$E$5:$E$500,"Done") -> 0 | F18: =IFERROR(COUNTIFS(Tasks!$C$5:$C$500,$A18,Tasks!$Q$5:$Q$500,0,Tasks!$E$5:$E$500,"Done")/COUNTIFS(Tasks!$C$5:$C$500,$A18,Tasks!$Q$5:$Q$500,0),0) -> 0 | G18: =IFERROR(IF(_xlfn.MINIFS(Tasks!$J$5:$J$500,Tasks!$C$5:$C$500,$A18,Tasks!$E$5:$E$500,"<>Done")=0,"",_xlfn.MINIFS(Tasks!$J$5:$J$500,Tasks!$C$5:$C$500,$A18,Tasks!$E$5:$E$500,"<>Done")),"") | I18: =SUMIFS(Tasks!$N$5:$N$500,Tasks!$C$5:$C$500,$A18,Tasks!$Q$5:$Q$500,0) -> 0 | J18: =SUMIFS(Tasks!$O$5:$O$500,Tasks!$C$5:$C$500,$A18,Tasks!$Q$5:$Q$500,0) -> 0 | K18: =IF(H18="","",H18-J18) | L18: =J18-I18 -> 0
A19: Upstairs Bath 2 | B19: =COUNTIFS(Tasks!$C$5:$C$500,$A19,Tasks!$B$5:$B$500,"",Tasks!$A$5:$A$500,"<>") -> 8 | C19: =COUNTIFS(Tasks!$C$5:$C$500,$A19,Tasks!$B$5:$B$500,"<>") -> 0 | D19: =COUNTIFS(Tasks!$C$5:$C$500,$A19,Tasks!$E$5:$E$500,"In Progress") -> 0 | E19: =COUNTIFS(Tasks!$C$5:$C$500,$A19,Tasks!$E$5:$E$500,"Done") -> 0 | F19: =IFERROR(COUNTIFS(Tasks!$C$5:$C$500,$A19,Tasks!$Q$5:$Q$500,0,Tasks!$E$5:$E$500,"Done")/COUNTIFS(Tasks!$C$5:$C$500,$A19,Tasks!$Q$5:$Q$500,0),0) -> 0 | G19: =IFERROR(IF(_xlfn.MINIFS(Tasks!$J$5:$J$500,Tasks!$C$5:$C$500,$A19,Tasks!$E$5:$E$500,"<>Done")=0,"",_xlfn.MINIFS(Tasks!$J$5:$J$500,Tasks!$C$5:$C$500,$A19,Tasks!$E$5:$E$500,"<>Done")),"") | I19: =SUMIFS(Tasks!$N$5:$N$500,Tasks!$C$5:$C$500,$A19,Tasks!$Q$5:$Q$500,0) -> 0 | J19: =SUMIFS(Tasks!$O$5:$O$500,Tasks!$C$5:$C$500,$A19,Tasks!$Q$5:$Q$500,0) -> 0 | K19: =IF(H19="","",H19-J19) | L19: =J19-I19 -> 0
A20: Trim & Doors (Whole House) | B20: =COUNTIFS(Tasks!$C$5:$C$500,$A20,Tasks!$B$5:$B$500,"",Tasks!$A$5:$A$500,"<>") -> 6 | C20: =COUNTIFS(Tasks!$C$5:$C$500,$A20,Tasks!$B$5:$B$500,"<>") -> 0 | D20: =COUNTIFS(Tasks!$C$5:$C$500,$A20,Tasks!$E$5:$E$500,"In Progress") -> 0 | E20: =COUNTIFS(Tasks!$C$5:$C$500,$A20,Tasks!$E$5:$E$500,"Done") -> 0 | F20: =IFERROR(COUNTIFS(Tasks!$C$5:$C$500,$A20,Tasks!$Q$5:$Q$500,0,Tasks!$E$5:$E$500,"Done")/COUNTIFS(Tasks!$C$5:$C$500,$A20,Tasks!$Q$5:$Q$500,0),0) -> 0 | G20: =IFERROR(IF(_xlfn.MINIFS(Tasks!$J$5:$J$500,Tasks!$C$5:$C$500,$A20,Tasks!$E$5:$E$500,"<>Done")=0,"",_xlfn.MINIFS(Tasks!$J$5:$J$500,Tasks!$C$5:$C$500,$A20,Tasks!$E$5:$E$500,"<>Done")),"") | I20: =SUMIFS(Tasks!$N$5:$N$500,Tasks!$C$5:$C$500,$A20,Tasks!$Q$5:$Q$500,0) -> 0 | J20: =SUMIFS(Tasks!$O$5:$O$500,Tasks!$C$5:$C$500,$A20,Tasks!$Q$5:$Q$500,0) -> 0 | K20: =IF(H20="","",H20-J20) | L20: =J20-I20 -> 0
A21: Other | B21: =COUNTIFS(Tasks!$C$5:$C$500,$A21,Tasks!$B$5:$B$500,"",Tasks!$A$5:$A$500,"<>") -> 0 | C21: =COUNTIFS(Tasks!$C$5:$C$500,$A21,Tasks!$B$5:$B$500,"<>") -> 0 | D21: =COUNTIFS(Tasks!$C$5:$C$500,$A21,Tasks!$E$5:$E$500,"In Progress") -> 0 | E21: =COUNTIFS(Tasks!$C$5:$C$500,$A21,Tasks!$E$5:$E$500,"Done") -> 0 | F21: =IFERROR(COUNTIFS(Tasks!$C$5:$C$500,$A21,Tasks!$Q$5:$Q$500,0,Tasks!$E$5:$E$500,"Done")/COUNTIFS(Tasks!$C$5:$C$500,$A21,Tasks!$Q$5:$Q$500,0),0) -> 0 | G21: =IFERROR(IF(_xlfn.MINIFS(Tasks!$J$5:$J$500,Tasks!$C$5:$C$500,$A21,Tasks!$E$5:$E$500,"<>Done")=0,"",_xlfn.MINIFS(Tasks!$J$5:$J$500,Tasks!$C$5:$C$500,$A21,Tasks!$E$5:$E$500,"<>Done")),"") | I21: =SUMIFS(Tasks!$N$5:$N$500,Tasks!$C$5:$C$500,$A21,Tasks!$Q$5:$Q$500,0) -> 0 | J21: =SUMIFS(Tasks!$O$5:$O$500,Tasks!$C$5:$C$500,$A21,Tasks!$Q$5:$Q$500,0) -> 0 | K21: =IF(H21="","",H21-J21) | L21: =J21-I21 -> 0
A22: TOTAL | B22: =SUM(B9:B21) -> 55 | C22: =SUM(C9:C21) -> 42 | D22: =SUM(D9:D21) -> 0 | E22: =SUM(E9:E21) -> 0 | F22: =E6 -> 0 | G22: =IFERROR(IF(MIN(G9:G21)=0,"",MIN(G9:G21)),"") -> 46330 | H22: =SUM(H9:H21) -> 0 | I22: =SUM(I9:I21) -> 0 | J22: =SUM(J9:J21) -> 0 | K22: =H22-J22 -> 0 | L22: =J22-I22 -> 0
A24: Recommended order of work
A25: 1. Mold assessment → remediation → clearance test (fix the moisture source, not just the mold).
A26: 2. While the attic is open: all ceiling wiring — pot lights, bath fans, Cat6 drops, Wi-Fi APs, camera PoE runs — then electrical rough-in inspection.
A27: 3. Insulation goes in only after wiring is done and inspected (attic first, then basement walls).
A28: 4. Rough-in plumbing/electrical for kitchen, laundry & baths → drywall → tile, cabinets, flooring.
A29: 5. Paint, then trim & doors last so they aren't damaged by other trades.
A30: 6. Light fixtures, pot light trims, switches, cameras and network gear go in at the very end.

Sheet Tasks
A1: Renovation Task Tracker
A2: How to use: fill the white columns (A–O, T). Grey columns (P–S) calculate automatically. For a sub-task, give it its own ID (e.g. KIT-2.4) and put the parent's ID (KIT-2) in Parent ID. Enter costs on sub-tasks (or on tasks with no sub-tasks) so totals aren't double-counted. Dates are targets — adjust as quotes come in.
A4: ID | B4: Parent ID | C4: Area | D4: Task / Sub-task | E4: Status | F4: Priority | G4: Phase | H4: Assigned To | I4: Start | J4: Due | K4: Done Date | L4: Depends On | M4: Permit / Inspection? | N4: Est. Cost ($) | O4: Actual Cost ($) | P4: Variance ($) | Q4: # Sub-tasks | R4: Progress | S4: Flag | T4: Notes
A5: ADM-1 | C5: Admin & Possession | D5: Take possession of home | E5: Planned | F5: High | G5: 1 - Remediation | H5: DIY | I5: 46330 | J5: 46330 | M5: No | P5: =IF(OR(N5="",O5=""),"",O5-N5) | Q5: =IF(A5="","",COUNTIF($B$5:$B$500,A5)) -> 4 | R5: =IF(A5="","",IF(Q5>0,COUNTIFS($B$5:$B$500,A5,$E$5:$E$500,"Done")/Q5,IF(E5="Done",1,0))) -> 0 | S5: =IF(OR(A5="",E5="Done",J5=""),"",IF(J5<TODAY(),"OVERDUE",IF(J5-TODAY()<=7,"Due this week",""))) | T5: Key day: Wed Nov 4, 2026
A6: ADM-1.1 | B6: ADM-1 | C6: Admin & Possession | D6: Change locks / reprogram garage openers | E6: Not Started | F6: High | G6: 1 - Remediation | H6: DIY | I6: 46330 | J6: 46331 | M6: No | P6: =IF(OR(N6="",O6=""),"",O6-N6) | Q6: =IF(A6="","",COUNTIF($B$5:$B$500,A6)) -> 0 | R6: =IF(A6="","",IF(Q6>0,COUNTIFS($B$5:$B$500,A6,$E$5:$E$500,"Done")/Q6,IF(E6="Done",1,0))) -> 0 | S6: =IF(OR(A6="",E6="Done",J6=""),"",IF(J6<TODAY(),"OVERDUE",IF(J6-TODAY()<=7,"Due this week","")))
A7: ADM-1.2 | B7: ADM-1 | C7: Admin & Possession | D7: Transfer utilities & confirm home insurance start date | E7: Not Started | F7: High | G7: 1 - Remediation | H7: DIY | I7: 46330 | J7: 46330 | M7: No | P7: =IF(OR(N7="",O7=""),"",O7-N7) | Q7: =IF(A7="","",COUNTIF($B$5:$B$500,A7)) -> 0 | R7: =IF(A7="","",IF(Q7>0,COUNTIFS($B$5:$B$500,A7,$E$5:$E$500,"Done")/Q7,IF(E7="Done",1,0))) -> 0 | S7: =IF(OR(A7="",E7="Done",J7=""),"",IF(J7<TODAY(),"OVERDUE",IF(J7-TODAY()<=7,"Due this week",""))) | T7: Hydro, gas, water, internet
A8: ADM-1.3 | B8: ADM-1 | C8: Admin & Possession | D8: Photo/video document existing condition of every room | E8: Not Started | F8: Medium | G8: 1 - Remediation | H8: DIY | I8: 46330 | J8: 46331 | M8: No | P8: =IF(OR(N8="",O8=""),"",O8-N8) | Q8: =IF(A8="","",COUNTIF($B$5:$B$500,A8)) -> 0 | R8: =IF(A8="","",IF(Q8>0,COUNTIFS($B$5:$B$500,A8,$E$5:$E$500,"Done")/Q8,IF(E8="Done",1,0))) -> 0 | S8: =IF(OR(A8="",E8="Done",J8=""),"",IF(J8<TODAY(),"OVERDUE",IF(J8-TODAY()<=7,"Due this week",""))) | T8: Useful for insurance and before/after
A9: ADM-1.4 | B9: ADM-1 | C9: Admin & Possession | D9: Locate & label electrical panel; note amperage & free breaker slots | E9: Not Started | F9: High | G9: 1 - Remediation | H9: DIY | I9: 46330 | J9: 46332 | M9: No | P9: =IF(OR(N9="",O9=""),"",O9-N9) | Q9: =IF(A9="","",COUNTIF($B$5:$B$500,A9)) -> 0 | R9: =IF(A9="","",IF(Q9>0,COUNTIFS($B$5:$B$500,A9,$E$5:$E$500,"Done")/Q9,IF(E9="Done",1,0))) -> 0 | S9: =IF(OR(A9="",E9="Done",J9=""),"",IF(J9<TODAY(),"OVERDUE",IF(J9-TODAY()<=7,"Due this week",""))) | T9: Needed before planning pot lights & new circuits
A10: ADM-2 | C10: Admin & Possession | D10: Permits & approvals | E10: Not Started | F10: High | G10: 1 - Remediation | H10: DIY | I10: 46330 | J10: 46339 | M10: Check | P10: =IF(OR(N10="",O10=""),"",O10-N10) | Q10: =IF(A10="","",COUNTIF($B$5:$B$500,A10)) -> 2 | R10: =IF(A10="","",IF(Q10>0,COUNTIFS($B$5:$B$500,A10,$E$5:$E$500,"Done")/Q10,IF(E10="Done",1,0))) -> 0 | S10: =IF(OR(A10="",E10="Done",J10=""),"",IF(J10<TODAY(),"OVERDUE",IF(J10-TODAY()<=7,"Due this week","")))
A11: ADM-2.1 | B11: ADM-2 | C11: Admin & Possession | D11: Electrical permit / notification (ESA) for new circuits & pot lights | E11: Not Started | F11: High | G11: 2 - Rough-in | H11: Electrician | I11: 46335 | J11: 46339 | L11: ADM-1.4 | M11: Yes | P11: =IF(OR(N11="",O11=""),"",O11-N11) | Q11: =IF(A11="","",COUNTIF($B$5:$B$500,A11)) -> 0 | R11: =IF(A11="","",IF(Q11>0,COUNTIFS($B$5:$B$500,A11,$E$5:$E$500,"Done")/Q11,IF(E11="Done",1,0))) -> 0 | S11: =IF(OR(A11="",E11="Done",J11=""),"",IF(J11<TODAY(),"OVERDUE",IF(J11-TODAY()<=7,"Due this week",""))) | T11: Usually pulled by your licensed electrician
A12: ADM-2.2 | B12: ADM-2 | C12: Admin & Possession | D12: Check with City of Vaughan whether kitchen/bath/laundry plumbing changes need a building permit | E12: Not Started | F12: Medium | G12: 2 - Rough-in | H12: DIY | I12: 46335 | J12: 46346 | M12: Check | P12: =IF(OR(N12="",O12=""),"",O12-N12) | Q12: =IF(A12="","",COUNTIF($B$5:$B$500,A12)) -> 0 | R12: =IF(A12="","",IF(Q12>0,COUNTIFS($B$5:$B$500,A12,$E$5:$E$500,"Done")/Q12,IF(E12="Done",1,0))) -> 0 | S12: =IF(OR(A12="",E12="Done",J12=""),"",IF(J12<TODAY(),"OVERDUE",IF(J12-TODAY()<=7,"Due this week","")))
A13: MOLD-1 | C13: Mold Remediation | D13: Mold assessment & quotes | E13: Planned | F13: High | G13: 1 - Remediation | H13: Remediation Co. | I13: 46330 | J13: 46332 | L13: ADM-1 | M13: No | P13: =IF(OR(N13="",O13=""),"",O13-N13) | Q13: =IF(A13="","",COUNTIF($B$5:$B$500,A13)) -> 3 | R13: =IF(A13="","",IF(Q13>0,COUNTIFS($B$5:$B$500,A13,$E$5:$E$500,"Done")/Q13,IF(E13="Done",1,0))) -> 0 | S13: =IF(OR(A13="",E13="Done",J13=""),"",IF(J13<TODAY(),"OVERDUE",IF(J13-TODAY()<=7,"Due this week","")))
A14: MOLD-1.1 | B14: MOLD-1 | C14: Mold Remediation | D14: Get 2–3 remediation quotes (attic + basement scope) | E14: Not Started | F14: High | G14: 1 - Remediation | H14: DIY | I14: 46330 | J14: 46332 | M14: No | P14: =IF(OR(N14="",O14=""),"",O14-N14) | Q14: =IF(A14="","",COUNTIF($B$5:$B$500,A14)) -> 0 | R14: =IF(A14="","",IF(Q14>0,COUNTIFS($B$5:$B$500,A14,$E$5:$E$500,"Done")/Q14,IF(E14="Done",1,0))) -> 0 | S14: =IF(OR(A14="",E14="Done",J14=""),"",IF(J14<TODAY(),"OVERDUE",IF(J14-TODAY()<=7,"Due this week",""))) | T14: Can line up site visits before Nov 4 if seller allows
A15: MOLD-1.2 | B15: MOLD-1 | C15: Mold Remediation | D15: Identify moisture source in attic (bath fans venting into attic, ventilation, roof leak) | E15: Not Started | F15: High | G15: 1 - Remediation | H15: Remediation Co. | I15: 46330 | J15: 46332 | M15: No | P15: =IF(OR(N15="",O15=""),"",O15-N15) | Q15: =IF(A15="","",COUNTIF($B$5:$B$500,A15)) -> 0 | R15: =IF(A15="","",IF(Q15>0,COUNTIFS($B$5:$B$500,A15,$E$5:$E$500,"Done")/Q15,IF(E15="Done",1,0))) -> 0 | S15: =IF(OR(A15="",E15="Done",J15=""),"",IF(J15<TODAY(),"OVERDUE",IF(J15-TODAY()<=7,"Due this week",""))) | T15: Fix the cause or mold returns
A16: MOLD-1.3 | B16: MOLD-1 | C16: Mold Remediation | D16: Identify moisture source in basement (grading, foundation cracks, humidity, sump) | E16: Not Started | F16: High | G16: 1 - Remediation | H16: Remediation Co. | I16: 46330 | J16: 46332 | M16: No | P16: =IF(OR(N16="",O16=""),"",O16-N16) | Q16: =IF(A16="","",COUNTIF($B$5:$B$500,A16)) -> 0 | R16: =IF(A16="","",IF(Q16>0,COUNTIFS($B$5:$B$500,A16,$E$5:$E$500,"Done")/Q16,IF(E16="Done",1,0))) -> 0 | S16: =IF(OR(A16="",E16="Done",J16=""),"",IF(J16<TODAY(),"OVERDUE",IF(J16-TODAY()<=7,"Due this week","")))
A17: MOLD-2 | C17: Mold Remediation | D17: Attic mold remediation | E17: Not Started | F17: High | G17: 1 - Remediation | H17: Remediation Co. | I17: 46335 | J17: 46339 | L17: MOLD-1 | M17: No | P17: =IF(OR(N17="",O17=""),"",O17-N17) | Q17: =IF(A17="","",COUNTIF($B$5:$B$500,A17)) -> 4 | R17: =IF(A17="","",IF(Q17>0,COUNTIFS($B$5:$B$500,A17,$E$5:$E$500,"Done")/Q17,IF(E17="Done",1,0))) -> 0 | S17: =IF(OR(A17="",E17="Done",J17=""),"",IF(J17<TODAY(),"OVERDUE",IF(J17-TODAY()<=7,"Due this week","")))
A18: MOLD-2.1 | B18: MOLD-2 | C18: Mold Remediation | D18: Set up containment & negative air | E18: Not Started | F18: High | G18: 1 - Remediation | H18: Remediation Co. | I18: 46335 | J18: 46335 | M18: No | P18: =IF(OR(N18="",O18=""),"",O18-N18) | Q18: =IF(A18="","",COUNTIF($B$5:$B$500,A18)) -> 0 | R18: =IF(A18="","",IF(Q18>0,COUNTIFS($B$5:$B$500,A18,$E$5:$E$500,"Done")/Q18,IF(E18="Done",1,0))) -> 0 | S18: =IF(OR(A18="",E18="Done",J18=""),"",IF(J18<TODAY(),"OVERDUE",IF(J18-TODAY()<=7,"Due this week","")))
A19: MOLD-2.2 | B19: MOLD-2 | C19: Mold Remediation | D19: Remove contaminated insulation | E19: Not Started | F19: High | G19: 1 - Remediation | H19: Remediation Co. | I19: 46335 | J19: 46336 | M19: No | P19: =IF(OR(N19="",O19=""),"",O19-N19) | Q19: =IF(A19="","",COUNTIF($B$5:$B$500,A19)) -> 0 | R19: =IF(A19="","",IF(Q19>0,COUNTIFS($B$5:$B$500,A19,$E$5:$E$500,"Done")/Q19,IF(E19="Done",1,0))) -> 0 | S19: =IF(OR(A19="",E19="Done",J19=""),"",IF(J19<TODAY(),"OVERDUE",IF(J19-TODAY()<=7,"Due this week",""))) | T19: Attic will be open — best window for wiring runs
A20: MOLD-2.3 | B20: MOLD-2 | C20: Mold Remediation | D20: HEPA vacuum, treat & seal roof sheathing | E20: Not Started | F20: High | G20: 1 - Remediation | H20: Remediation Co. | I20: 46336 | J20: 46338 | M20: No | P20: =IF(OR(N20="",O20=""),"",O20-N20) | Q20: =IF(A20="","",COUNTIF($B$5:$B$500,A20)) -> 0 | R20: =IF(A20="","",IF(Q20>0,COUNTIFS($B$5:$B$500,A20,$E$5:$E$500,"Done")/Q20,IF(E20="Done",1,0))) -> 0 | S20: =IF(OR(A20="",E20="Done",J20=""),"",IF(J20<TODAY(),"OVERDUE",IF(J20-TODAY()<=7,"Due this week","")))
A21: MOLD-2.4 | B21: MOLD-2 | C21: Mold Remediation | D21: Correct attic ventilation (baffles, vents, bath fans ducted outside) | E21: Not Started | F21: High | G21: 1 - Remediation | H21: Contractor | I21: 46338 | J21: 46339 | L21: MOLD-1.2 | M21: No | P21: =IF(OR(N21="",O21=""),"",O21-N21) | Q21: =IF(A21="","",COUNTIF($B$5:$B$500,A21)) -> 0 | R21: =IF(A21="","",IF(Q21>0,COUNTIFS($B$5:$B$500,A21,$E$5:$E$500,"Done")/Q21,IF(E21="Done",1,0))) -> 0 | S21: =IF(OR(A21="",E21="Done",J21=""),"",IF(J21<TODAY(),"OVERDUE",IF(J21-TODAY()<=7,"Due this week","")))
A22: MOLD-3 | C22: Mold Remediation | D22: Basement mold remediation | E22: Not Started | F22: High | G22: 1 - Remediation | H22: Remediation Co. | I22: 46335 | J22: 46339 | L22: MOLD-1 | M22: No | P22: =IF(OR(N22="",O22=""),"",O22-N22) | Q22: =IF(A22="","",COUNTIF($B$5:$B$500,A22)) -> 3 | R22: =IF(A22="","",IF(Q22>0,COUNTIFS($B$5:$B$500,A22,$E$5:$E$500,"Done")/Q22,IF(E22="Done",1,0))) -> 0 | S22: =IF(OR(A22="",E22="Done",J22=""),"",IF(J22<TODAY(),"OVERDUE",IF(J22-TODAY()<=7,"Due this week","")))
A23: MOLD-3.1 | B23: MOLD-3 | C23: Mold Remediation | D23: Containment & removal of affected drywall / insulation | E23: Not Started | F23: High | G23: 1 - Remediation | H23: Remediation Co. | I23: 46335 | J23: 46337 | M23: No | P23: =IF(OR(N23="",O23=""),"",O23-N23) | Q23: =IF(A23="","",COUNTIF($B$5:$B$500,A23)) -> 0 | R23: =IF(A23="","",IF(Q23>0,COUNTIFS($B$5:$B$500,A23,$E$5:$E$500,"Done")/Q23,IF(E23="Done",1,0))) -> 0 | S23: =IF(OR(A23="",E23="Done",J23=""),"",IF(J23<TODAY(),"OVERDUE",IF(J23-TODAY()<=7,"Due this week","")))
A24: MOLD-3.2 | B24: MOLD-3 | C24: Mold Remediation | D24: Clean & treat framing / foundation walls | E24: Not Started | F24: High | G24: 1 - Remediation | H24: Remediation Co. | I24: 46337 | J24: 46339 | M24: No | P24: =IF(OR(N24="",O24=""),"",O24-N24) | Q24: =IF(A24="","",COUNTIF($B$5:$B$500,A24)) -> 0 | R24: =IF(A24="","",IF(Q24>0,COUNTIFS($B$5:$B$500,A24,$E$5:$E$500,"Done")/Q24,IF(E24="Done",1,0))) -> 0 | S24: =IF(OR(A24="",E24="Done",J24=""),"",IF(J24<TODAY(),"OVERDUE",IF(J24-TODAY()<=7,"Due this week","")))
A25: MOLD-3.3 | B25: MOLD-3 | C25: Mold Remediation | D25: Fix moisture source (dehumidifier, grading, crack repair) | E25: Not Started | F25: High | G25: 1 - Remediation | H25: Contractor | I25: 46337 | J25: 46346 | L25: MOLD-1.3 | M25: No | P25: =IF(OR(N25="",O25=""),"",O25-N25) | Q25: =IF(A25="","",COUNTIF($B$5:$B$500,A25)) -> 0 | R25: =IF(A25="","",IF(Q25>0,COUNTIFS($B$5:$B$500,A25,$E$5:$E$500,"Done")/Q25,IF(E25="Done",1,0))) -> 0 | S25: =IF(OR(A25="",E25="Done",J25=""),"",IF(J25<TODAY(),"OVERDUE",IF(J25-TODAY()<=7,"Due this week","")))
A26: MOLD-4 | C26: Mold Remediation | D26: Post-remediation clearance testing (attic & basement) | E26: Not Started | F26: High | G26: 1 - Remediation | H26: Remediation Co. | I26: 46342 | J26: 46342 | L26: MOLD-2, MOLD-3 | M26: No | P26: =IF(OR(N26="",O26=""),"",O26-N26) | Q26: =IF(A26="","",COUNTIF($B$5:$B$500,A26)) -> 0 | R26: =IF(A26="","",IF(Q26>0,COUNTIFS($B$5:$B$500,A26,$E$5:$E$500,"Done")/Q26,IF(E26="Done",1,0))) -> 0 | S26: =IF(OR(A26="",E26="Done",J26=""),"",IF(J26<TODAY(),"OVERDUE",IF(J26-TODAY()<=7,"Due this week",""))) | T26: Get clearance report before closing up with insulation
A27: ELEC-1 | C27: Electrical Rough-in | D27: Electrical plan | E27: Not Started | F27: High | G27: 2 - Rough-in | H27: Electrician | I27: 46331 | J27: 46339 | L27: ADM-1.4 | M27: Yes | P27: =IF(OR(N27="",O27=""),"",O27-N27) | Q27: =IF(A27="","",COUNTIF($B$5:$B$500,A27)) -> 3 | R27: =IF(A27="","",IF(Q27>0,COUNTIFS($B$5:$B$500,A27,$E$5:$E$500,"Done")/Q27,IF(E27="Done",1,0))) -> 0 | S27: =IF(OR(A27="",E27="Done",J27=""),"",IF(J27<TODAY(),"OVERDUE",IF(J27-TODAY()<=7,"Due this week","")))
A28: ELEC-1.1 | B28: ELEC-1 | C28: Electrical Rough-in | D28: Hire licensed electrician & get quote | E28: Not Started | F28: High | G28: 2 - Rough-in | H28: DIY | I28: 46331 | J28: 46336 | M28: No | P28: =IF(OR(N28="",O28=""),"",O28-N28) | Q28: =IF(A28="","",COUNTIF($B$5:$B$500,A28)) -> 0 | R28: =IF(A28="","",IF(Q28>0,COUNTIFS($B$5:$B$500,A28,$E$5:$E$500,"Done")/Q28,IF(E28="Done",1,0))) -> 0 | S28: =IF(OR(A28="",E28="Done",J28=""),"",IF(J28<TODAY(),"OVERDUE",IF(J28-TODAY()<=7,"Due this week","")))
A29: ELEC-1.2 | B29: ELEC-1 | C29: Electrical Rough-in | D29: Confirm panel capacity for new circuits (kitchen, laundry, lighting) | E29: Not Started | F29: High | G29: 2 - Rough-in | H29: Electrician | I29: 46335 | J29: 46339 | M29: No | P29: =IF(OR(N29="",O29=""),"",O29-N29) | Q29: =IF(A29="","",COUNTIF($B$5:$B$500,A29)) -> 0 | R29: =IF(A29="","",IF(Q29>0,COUNTIFS($B$5:$B$500,A29,$E$5:$E$500,"Done")/Q29,IF(E29="Done",1,0))) -> 0 | S29: =IF(OR(A29="",E29="Done",J29=""),"",IF(J29<TODAY(),"OVERDUE",IF(J29-TODAY()<=7,"Due this week",""))) | T29: May need panel upgrade
A30: ELEC-1.3 | B30: ELEC-1 | C30: Electrical Rough-in | D30: Mark room-by-room layout (pot lights, switches, outlets, fans) | E30: Not Started | F30: High | G30: 2 - Rough-in | H30: DIY | I30: 46331 | J30: 46339 | L30: LGT-1 | M30: No | P30: =IF(OR(N30="",O30=""),"",O30-N30) | Q30: =IF(A30="","",COUNTIF($B$5:$B$500,A30)) -> 0 | R30: =IF(A30="","",IF(Q30>0,COUNTIFS($B$5:$B$500,A30,$E$5:$E$500,"Done")/Q30,IF(E30="Done",1,0))) -> 0 | S30: =IF(OR(A30="",E30="Done",J30=""),"",IF(J30<TODAY(),"OVERDUE",IF(J30-TODAY()<=7,"Due this week","")))
A31: ELEC-2 | C31: Electrical Rough-in | D31: Attic wiring rough-in (before insulation) | E31: Not Started | F31: High | G31: 2 - Rough-in | H31: Electrician | I31: 46343 | J31: 46346 | L31: MOLD-4 | M31: Yes | P31: =IF(OR(N31="",O31=""),"",O31-N31) | Q31: =IF(A31="","",COUNTIF($B$5:$B$500,A31)) -> 3 | R31: =IF(A31="","",IF(Q31>0,COUNTIFS($B$5:$B$500,A31,$E$5:$E$500,"Done")/Q31,IF(E31="Done",1,0))) -> 0 | S31: =IF(OR(A31="",E31="Done",J31=""),"",IF(J31<TODAY(),"OVERDUE",IF(J31-TODAY()<=7,"Due this week",""))) | T31: Ceiling runs for upstairs pot lights & bath fans
A32: ELEC-2.1 | B32: ELEC-2 | C32: Electrical Rough-in | D32: Run upstairs pot light circuits & switch legs | E32: Not Started | F32: High | G32: 2 - Rough-in | H32: Electrician | I32: 46343 | J32: 46345 | M32: Yes | P32: =IF(OR(N32="",O32=""),"",O32-N32) | Q32: =IF(A32="","",COUNTIF($B$5:$B$500,A32)) -> 0 | R32: =IF(A32="","",IF(Q32>0,COUNTIFS($B$5:$B$500,A32,$E$5:$E$500,"Done")/Q32,IF(E32="Done",1,0))) -> 0 | S32: =IF(OR(A32="",E32="Done",J32=""),"",IF(J32<TODAY(),"OVERDUE",IF(J32-TODAY()<=7,"Due this week",""))) | T32: Use IC-rated, airtight fixtures under insulation
A33: ELEC-2.2 | B33: ELEC-2 | C33: Electrical Rough-in | D33: Wire bathroom exhaust fans (both upstairs baths) | E33: Not Started | F33: High | G33: 2 - Rough-in | H33: Electrician | I33: 46344 | J33: 46345 | M33: Yes | P33: =IF(OR(N33="",O33=""),"",O33-N33) | Q33: =IF(A33="","",COUNTIF($B$5:$B$500,A33)) -> 0 | R33: =IF(A33="","",IF(Q33>0,COUNTIFS($B$5:$B$500,A33,$E$5:$E$500,"Done")/Q33,IF(E33="Done",1,0))) -> 0 | S33: =IF(OR(A33="",E33="Done",J33=""),"",IF(J33<TODAY(),"OVERDUE",IF(J33-TODAY()<=7,"Due this week","")))
A34: ELEC-2.3 | B34: ELEC-2 | C34: Electrical Rough-in | D34: Rough-in inspection | E34: Not Started | F34: High | G34: 2 - Rough-in | H34: Electrician | I34: 46349 | J34: 46349 | L34: ELEC-2.1, ELEC-2.2 | M34: Yes | P34: =IF(OR(N34="",O34=""),"",O34-N34) | Q34: =IF(A34="","",COUNTIF($B$5:$B$500,A34)) -> 0 | R34: =IF(A34="","",IF(Q34>0,COUNTIFS($B$5:$B$500,A34,$E$5:$E$500,"Done")/Q34,IF(E34="Done",1,0))) -> 0 | S34: =IF(OR(A34="",E34="Done",J34=""),"",IF(J34<TODAY(),"OVERDUE",IF(J34-TODAY()<=7,"Due this week",""))) | T34: Must pass before insulation covers wiring
A35: ELEC-3 | C35: Electrical Rough-in | D35: Basement wiring rough-in (while walls are open) | E35: Not Started | F35: Medium | G35: 2 - Rough-in | H35: Electrician | I35: 46343 | J35: 46353 | L35: MOLD-4 | M35: Yes | P35: =IF(OR(N35="",O35=""),"",O35-N35) | Q35: =IF(A35="","",COUNTIF($B$5:$B$500,A35)) -> 0 | R35: =IF(A35="","",IF(Q35>0,COUNTIFS($B$5:$B$500,A35,$E$5:$E$500,"Done")/Q35,IF(E35="Done",1,0))) -> 0 | S35: =IF(OR(A35="",E35="Done",J35=""),"",IF(J35<TODAY(),"OVERDUE",IF(J35-TODAY()<=7,"Due this week","")))
A36: NET-1 | C36: Networking | D36: Whole-home network wiring | E36: Not Started | F36: High | G36: 2 - Rough-in | H36: Low-Voltage / AV | I36: 46331 | J36: 46346 | M36: No | P36: =IF(OR(N36="",O36=""),"",O36-N36) | Q36: =IF(A36="","",COUNTIF($B$5:$B$500,A36)) -> 6 | R36: =IF(A36="","",IF(Q36>0,COUNTIFS($B$5:$B$500,A36,$E$5:$E$500,"Done")/Q36,IF(E36="Done",1,0))) -> 0 | S36: =IF(OR(A36="",E36="Done",J36=""),"",IF(J36<TODAY(),"OVERDUE",IF(J36-TODAY()<=7,"Due this week","")))
A37: NET-1.1 | B37: NET-1 | C37: Networking | D37: Pick network/rack location (often basement utility room) | E37: Not Started | F37: High | G37: 2 - Rough-in | H37: DIY | I37: 46331 | J37: 46336 | M37: No | P37: =IF(OR(N37="",O37=""),"",O37-N37) | Q37: =IF(A37="","",COUNTIF($B$5:$B$500,A37)) -> 0 | R37: =IF(A37="","",IF(Q37>0,COUNTIFS($B$5:$B$500,A37,$E$5:$E$500,"Done")/Q37,IF(E37="Done",1,0))) -> 0 | S37: =IF(OR(A37="",E37="Done",J37=""),"",IF(J37<TODAY(),"OVERDUE",IF(J37-TODAY()<=7,"Due this week","")))
A38: NET-1.2 | B38: NET-1 | C38: Networking | D38: List Cat6 drops per room (TVs, offices, desks) | E38: Not Started | F38: High | G38: 2 - Rough-in | H38: DIY | I38: 46331 | J38: 46336 | M38: No | P38: =IF(OR(N38="",O38=""),"",O38-N38) | Q38: =IF(A38="","",COUNTIF($B$5:$B$500,A38)) -> 0 | R38: =IF(A38="","",IF(Q38>0,COUNTIFS($B$5:$B$500,A38,$E$5:$E$500,"Done")/Q38,IF(E38="Done",1,0))) -> 0 | S38: =IF(OR(A38="",E38="Done",J38=""),"",IF(J38<TODAY(),"OVERDUE",IF(J38-TODAY()<=7,"Due this week","")))
A39: NET-1.3 | B39: NET-1 | C39: Networking | D39: Plan ceiling Wi-Fi access point locations | E39: Not Started | F39: Medium | G39: 2 - Rough-in | H39: DIY | I39: 46331 | J39: 46336 | M39: No | P39: =IF(OR(N39="",O39=""),"",O39-N39) | Q39: =IF(A39="","",COUNTIF($B$5:$B$500,A39)) -> 0 | R39: =IF(A39="","",IF(Q39>0,COUNTIFS($B$5:$B$500,A39,$E$5:$E$500,"Done")/Q39,IF(E39="Done",1,0))) -> 0 | S39: =IF(OR(A39="",E39="Done",J39=""),"",IF(J39<TODAY(),"OVERDUE",IF(J39-TODAY()<=7,"Due this week","")))
A40: NET-1.4 | B40: NET-1 | C40: Networking | D40: Pull Cat6 through attic to upstairs rooms & APs | E40: Not Started | F40: High | G40: 2 - Rough-in | H40: Low-Voltage / AV | I40: 46343 | J40: 46346 | L40: MOLD-4 | M40: No | P40: =IF(OR(N40="",O40=""),"",O40-N40) | Q40: =IF(A40="","",COUNTIF($B$5:$B$500,A40)) -> 0 | R40: =IF(A40="","",IF(Q40>0,COUNTIFS($B$5:$B$500,A40,$E$5:$E$500,"Done")/Q40,IF(E40="Done",1,0))) -> 0 | S40: =IF(OR(A40="",E40="Done",J40=""),"",IF(J40<TODAY(),"OVERDUE",IF(J40-TODAY()<=7,"Due this week",""))) | T40: Do while attic insulation is out
A41: NET-1.5 | B41: NET-1 | C41: Networking | D41: Run conduit / pull strings for future runs | E41: Not Started | F41: Low | G41: 2 - Rough-in | H41: Low-Voltage / AV | I41: 46343 | J41: 46346 | M41: No | P41: =IF(OR(N41="",O41=""),"",O41-N41) | Q41: =IF(A41="","",COUNTIF($B$5:$B$500,A41)) -> 0 | R41: =IF(A41="","",IF(Q41>0,COUNTIFS($B$5:$B$500,A41,$E$5:$E$500,"Done")/Q41,IF(E41="Done",1,0))) -> 0 | S41: =IF(OR(A41="",E41="Done",J41=""),"",IF(J41<TODAY(),"OVERDUE",IF(J41-TODAY()<=7,"Due this week","")))
A42: NET-1.6 | B42: NET-1 | C42: Networking | D42: Terminate, label & test all runs; install patch panel | E42: Not Started | F42: Medium | G42: 6 - Fixtures & Devices | H42: Low-Voltage / AV | M42: No | P42: =IF(OR(N42="",O42=""),"",O42-N42) | Q42: =IF(A42="","",COUNTIF($B$5:$B$500,A42)) -> 0 | R42: =IF(A42="","",IF(Q42>0,COUNTIFS($B$5:$B$500,A42,$E$5:$E$500,"Done")/Q42,IF(E42="Done",1,0))) -> 0 | S42: =IF(OR(A42="",E42="Done",J42=""),"",IF(J42<TODAY(),"OVERDUE",IF(J42-TODAY()<=7,"Due this week","")))
A43: CAM-1 | C43: Security Cameras | D43: Security camera system | E43: Not Started | F43: High | G43: 2 - Rough-in | H43: Low-Voltage / AV | I43: 46331 | J43: 46346 | M43: No | P43: =IF(OR(N43="",O43=""),"",O43-N43) | Q43: =IF(A43="","",COUNTIF($B$5:$B$500,A43)) -> 4 | R43: =IF(A43="","",IF(Q43>0,COUNTIFS($B$5:$B$500,A43,$E$5:$E$500,"Done")/Q43,IF(E43="Done",1,0))) -> 0 | S43: =IF(OR(A43="",E43="Done",J43=""),"",IF(J43<TODAY(),"OVERDUE",IF(J43-TODAY()<=7,"Due this week","")))
A44: CAM-1.1 | B44: CAM-1 | C44: Security Cameras | D44: Choose camera locations & coverage (doors, driveway, yard) | E44: Not Started | F44: High | G44: 2 - Rough-in | H44: DIY | I44: 46331 | J44: 46336 | M44: No | P44: =IF(OR(N44="",O44=""),"",O44-N44) | Q44: =IF(A44="","",COUNTIF($B$5:$B$500,A44)) -> 0 | R44: =IF(A44="","",IF(Q44>0,COUNTIFS($B$5:$B$500,A44,$E$5:$E$500,"Done")/Q44,IF(E44="Done",1,0))) -> 0 | S44: =IF(OR(A44="",E44="Done",J44=""),"",IF(J44<TODAY(),"OVERDUE",IF(J44-TODAY()<=7,"Due this week","")))
A45: CAM-1.2 | B45: CAM-1 | C45: Security Cameras | D45: Choose system (PoE cameras + NVR) & NVR location | E45: Not Started | F45: Medium | G45: 2 - Rough-in | H45: DIY | I45: 46331 | J45: 46339 | L45: NET-1.1 | M45: No | P45: =IF(OR(N45="",O45=""),"",O45-N45) | Q45: =IF(A45="","",COUNTIF($B$5:$B$500,A45)) -> 0 | R45: =IF(A45="","",IF(Q45>0,COUNTIFS($B$5:$B$500,A45,$E$5:$E$500,"Done")/Q45,IF(E45="Done",1,0))) -> 0 | S45: =IF(OR(A45="",E45="Done",J45=""),"",IF(J45<TODAY(),"OVERDUE",IF(J45-TODAY()<=7,"Due this week","")))
A46: CAM-1.3 | B46: CAM-1 | C46: Security Cameras | D46: Run PoE cable through attic to soffit/eave locations | E46: Not Started | F46: High | G46: 2 - Rough-in | H46: Low-Voltage / AV | I46: 46343 | J46: 46346 | L46: MOLD-4 | M46: No | P46: =IF(OR(N46="",O46=""),"",O46-N46) | Q46: =IF(A46="","",COUNTIF($B$5:$B$500,A46)) -> 0 | R46: =IF(A46="","",IF(Q46>0,COUNTIFS($B$5:$B$500,A46,$E$5:$E$500,"Done")/Q46,IF(E46="Done",1,0))) -> 0 | S46: =IF(OR(A46="",E46="Done",J46=""),"",IF(J46<TODAY(),"OVERDUE",IF(J46-TODAY()<=7,"Due this week","")))
A47: CAM-1.4 | B47: CAM-1 | C47: Security Cameras | D47: Mount cameras, connect NVR, set up app & recording | E47: Not Started | F47: Low | G47: 6 - Fixtures & Devices | H47: Low-Voltage / AV | M47: No | P47: =IF(OR(N47="",O47=""),"",O47-N47) | Q47: =IF(A47="","",COUNTIF($B$5:$B$500,A47)) -> 0 | R47: =IF(A47="","",IF(Q47>0,COUNTIFS($B$5:$B$500,A47,$E$5:$E$500,"Done")/Q47,IF(E47="Done",1,0))) -> 0 | S47: =IF(OR(A47="",E47="Done",J47=""),"",IF(J47<TODAY(),"OVERDUE",IF(J47-TODAY()<=7,"Due this week","")))
A48: INS-1 | C48: Insulation | D48: Attic insulation | E48: Not Started | F48: High | G48: 3 - Insulation & Drywall | H48: Insulation Co. | I48: 46350 | J48: 46352 | L48: ELEC-2.3, NET-1.4, CAM-1.3 | M48: No | P48: =IF(OR(N48="",O48=""),"",O48-N48) | Q48: =IF(A48="","",COUNTIF($B$5:$B$500,A48)) -> 4 | R48: =IF(A48="","",IF(Q48>0,COUNTIFS($B$5:$B$500,A48,$E$5:$E$500,"Done")/Q48,IF(E48="Done",1,0))) -> 0 | S48: =IF(OR(A48="",E48="Done",J48=""),"",IF(J48<TODAY(),"OVERDUE",IF(J48-TODAY()<=7,"Due this week",""))) | T48: Only after all attic wiring is done & inspected
A49: INS-1.1 | B49: INS-1 | C49: Insulation | D49: Air-seal top plates & ceiling penetrations | E49: Not Started | F49: High | G49: 3 - Insulation & Drywall | H49: Insulation Co. | I49: 46350 | J49: 46350 | M49: No | P49: =IF(OR(N49="",O49=""),"",O49-N49) | Q49: =IF(A49="","",COUNTIF($B$5:$B$500,A49)) -> 0 | R49: =IF(A49="","",IF(Q49>0,COUNTIFS($B$5:$B$500,A49,$E$5:$E$500,"Done")/Q49,IF(E49="Done",1,0))) -> 0 | S49: =IF(OR(A49="",E49="Done",J49=""),"",IF(J49<TODAY(),"OVERDUE",IF(J49-TODAY()<=7,"Due this week","")))
A50: INS-1.2 | B50: INS-1 | C50: Insulation | D50: Install baffles at eaves | E50: Not Started | F50: High | G50: 3 - Insulation & Drywall | H50: Insulation Co. | I50: 46350 | J50: 46350 | M50: No | P50: =IF(OR(N50="",O50=""),"",O50-N50) | Q50: =IF(A50="","",COUNTIF($B$5:$B$500,A50)) -> 0 | R50: =IF(A50="","",IF(Q50>0,COUNTIFS($B$5:$B$500,A50,$E$5:$E$500,"Done")/Q50,IF(E50="Done",1,0))) -> 0 | S50: =IF(OR(A50="",E50="Done",J50=""),"",IF(J50<TODAY(),"OVERDUE",IF(J50-TODAY()<=7,"Due this week","")))
A51: INS-1.3 | B51: INS-1 | C51: Insulation | D51: Blow in insulation to target R-value | E51: Not Started | F51: High | G51: 3 - Insulation & Drywall | H51: Insulation Co. | I51: 46351 | J51: 46352 | M51: No | P51: =IF(OR(N51="",O51=""),"",O51-N51) | Q51: =IF(A51="","",COUNTIF($B$5:$B$500,A51)) -> 0 | R51: =IF(A51="","",IF(Q51>0,COUNTIFS($B$5:$B$500,A51,$E$5:$E$500,"Done")/Q51,IF(E51="Done",1,0))) -> 0 | S51: =IF(OR(A51="",E51="Done",J51=""),"",IF(J51<TODAY(),"OVERDUE",IF(J51-TODAY()<=7,"Due this week",""))) | T51: Confirm R-value with installer
A52: INS-1.4 | B52: INS-1 | C52: Insulation | D52: Check energy rebate eligibility before work starts | E52: Not Started | F52: Medium | G52: 3 - Insulation & Drywall | H52: DIY | I52: 46331 | J52: 46339 | M52: No | P52: =IF(OR(N52="",O52=""),"",O52-N52) | Q52: =IF(A52="","",COUNTIF($B$5:$B$500,A52)) -> 0 | R52: =IF(A52="","",IF(Q52>0,COUNTIFS($B$5:$B$500,A52,$E$5:$E$500,"Done")/Q52,IF(E52="Done",1,0))) -> 0 | S52: =IF(OR(A52="",E52="Done",J52=""),"",IF(J52<TODAY(),"OVERDUE",IF(J52-TODAY()<=7,"Due this week",""))) | T52: Some programs require a pre-work assessment
A53: INS-2 | C53: Insulation | D53: Basement wall insulation | E53: Not Started | F53: Medium | G53: 3 - Insulation & Drywall | H53: Insulation Co. | I53: 46356 | J53: 46360 | L53: ELEC-3, MOLD-3.3 | M53: No | P53: =IF(OR(N53="",O53=""),"",O53-N53) | Q53: =IF(A53="","",COUNTIF($B$5:$B$500,A53)) -> 0 | R53: =IF(A53="","",IF(Q53>0,COUNTIFS($B$5:$B$500,A53,$E$5:$E$500,"Done")/Q53,IF(E53="Done",1,0))) -> 0 | S53: =IF(OR(A53="",E53="Done",J53=""),"",IF(J53<TODAY(),"OVERDUE",IF(J53-TODAY()<=7,"Due this week","")))
A54: LGT-1 | C54: Lighting & Pot Lights | D54: Lighting layout & selection | E54: Not Started | F54: High | G54: 2 - Rough-in | H54: DIY | I54: 46331 | J54: 46339 | M54: No | P54: =IF(OR(N54="",O54=""),"",O54-N54) | Q54: =IF(A54="","",COUNTIF($B$5:$B$500,A54)) -> 3 | R54: =IF(A54="","",IF(Q54>0,COUNTIFS($B$5:$B$500,A54,$E$5:$E$500,"Done")/Q54,IF(E54="Done",1,0))) -> 0 | S54: =IF(OR(A54="",E54="Done",J54=""),"",IF(J54<TODAY(),"OVERDUE",IF(J54-TODAY()<=7,"Due this week","")))
A55: LGT-1.1 | B55: LGT-1 | C55: Lighting & Pot Lights | D55: Pot light count & spacing per room | E55: Not Started | F55: High | G55: 2 - Rough-in | H55: DIY | I55: 46331 | J55: 46339 | M55: No | P55: =IF(OR(N55="",O55=""),"",O55-N55) | Q55: =IF(A55="","",COUNTIF($B$5:$B$500,A55)) -> 0 | R55: =IF(A55="","",IF(Q55>0,COUNTIFS($B$5:$B$500,A55,$E$5:$E$500,"Done")/Q55,IF(E55="Done",1,0))) -> 0 | S55: =IF(OR(A55="",E55="Done",J55=""),"",IF(J55<TODAY(),"OVERDUE",IF(J55-TODAY()<=7,"Due this week","")))
A56: LGT-1.2 | B56: LGT-1 | C56: Lighting & Pot Lights | D56: Choose colour temperature / dimmable LED wafer lights | E56: Not Started | F56: Medium | G56: 2 - Rough-in | H56: DIY | M56: No | P56: =IF(OR(N56="",O56=""),"",O56-N56) | Q56: =IF(A56="","",COUNTIF($B$5:$B$500,A56)) -> 0 | R56: =IF(A56="","",IF(Q56>0,COUNTIFS($B$5:$B$500,A56,$E$5:$E$500,"Done")/Q56,IF(E56="Done",1,0))) -> 0 | S56: =IF(OR(A56="",E56="Done",J56=""),"",IF(J56<TODAY(),"OVERDUE",IF(J56-TODAY()<=7,"Due this week","")))
A57: LGT-1.3 | B57: LGT-1 | C57: Lighting & Pot Lights | D57: Choose dimmers / smart switches | E57: Not Started | F57: Low | G57: 6 - Fixtures & Devices | H57: DIY | M57: No | P57: =IF(OR(N57="",O57=""),"",O57-N57) | Q57: =IF(A57="","",COUNTIF($B$5:$B$500,A57)) -> 0 | R57: =IF(A57="","",IF(Q57>0,COUNTIFS($B$5:$B$500,A57,$E$5:$E$500,"Done")/Q57,IF(E57="Done",1,0))) -> 0 | S57: =IF(OR(A57="",E57="Done",J57=""),"",IF(J57<TODAY(),"OVERDUE",IF(J57-TODAY()<=7,"Due this week","")))
A58: LGT-2 | C58: Lighting & Pot Lights | D58: Main floor pot lights | E58: Not Started | F58: Medium | G58: 2 - Rough-in | H58: Electrician | L58: ELEC-1 | M58: Yes | P58: =IF(OR(N58="",O58=""),"",O58-N58) | Q58: =IF(A58="","",COUNTIF($B$5:$B$500,A58)) -> 0 | R58: =IF(A58="","",IF(Q58>0,COUNTIFS($B$5:$B$500,A58,$E$5:$E$500,"Done")/Q58,IF(E58="Done",1,0))) -> 0 | S58: =IF(OR(A58="",E58="Done",J58=""),"",IF(J58<TODAY(),"OVERDUE",IF(J58-TODAY()<=7,"Due this week","")))
A59: LGT-3 | C59: Lighting & Pot Lights | D59: Install fixtures & trims after paint | E59: Not Started | F59: Low | G59: 6 - Fixtures & Devices | H59: Electrician | L59: TRIM-5 | M59: Yes | P59: =IF(OR(N59="",O59=""),"",O59-N59) | Q59: =IF(A59="","",COUNTIF($B$5:$B$500,A59)) -> 0 | R59: =IF(A59="","",IF(Q59>0,COUNTIFS($B$5:$B$500,A59,$E$5:$E$500,"Done")/Q59,IF(E59="Done",1,0))) -> 0 | S59: =IF(OR(A59="",E59="Done",J59=""),"",IF(J59<TODAY(),"OVERDUE",IF(J59-TODAY()<=7,"Due this week","")))
A60: KIT-1 | C60: Kitchen | D60: Design: layout, cabinets, counters, appliances | E60: Not Started | F60: Medium | G60: 4 - Finishes | H60: DIY | M60: No | P60: =IF(OR(N60="",O60=""),"",O60-N60) | Q60: =IF(A60="","",COUNTIF($B$5:$B$500,A60)) -> 3 | R60: =IF(A60="","",IF(Q60>0,COUNTIFS($B$5:$B$500,A60,$E$5:$E$500,"Done")/Q60,IF(E60="Done",1,0))) -> 0 | S60: =IF(OR(A60="",E60="Done",J60=""),"",IF(J60<TODAY(),"OVERDUE",IF(J60-TODAY()<=7,"Due this week","")))
A61: KIT-1.1 | B61: KIT-1 | C61: Kitchen | D61: Measure room & sketch layout | E61: Not Started | F61: Medium | G61: 4 - Finishes | H61: DIY | M61: No | P61: =IF(OR(N61="",O61=""),"",O61-N61) | Q61: =IF(A61="","",COUNTIF($B$5:$B$500,A61)) -> 0 | R61: =IF(A61="","",IF(Q61>0,COUNTIFS($B$5:$B$500,A61,$E$5:$E$500,"Done")/Q61,IF(E61="Done",1,0))) -> 0 | S61: =IF(OR(A61="",E61="Done",J61=""),"",IF(J61<TODAY(),"OVERDUE",IF(J61-TODAY()<=7,"Due this week","")))
A62: KIT-1.2 | B62: KIT-1 | C62: Kitchen | D62: Get cabinet & countertop quotes | E62: Not Started | F62: Medium | G62: 4 - Finishes | H62: DIY | M62: No | P62: =IF(OR(N62="",O62=""),"",O62-N62) | Q62: =IF(A62="","",COUNTIF($B$5:$B$500,A62)) -> 0 | R62: =IF(A62="","",IF(Q62>0,COUNTIFS($B$5:$B$500,A62,$E$5:$E$500,"Done")/Q62,IF(E62="Done",1,0))) -> 0 | S62: =IF(OR(A62="",E62="Done",J62=""),"",IF(J62<TODAY(),"OVERDUE",IF(J62-TODAY()<=7,"Due this week","")))
A63: KIT-1.3 | B63: KIT-1 | C63: Kitchen | D63: Pick appliances (confirm sizes before cabinets) | E63: Not Started | F63: Medium | G63: 4 - Finishes | H63: DIY | M63: No | P63: =IF(OR(N63="",O63=""),"",O63-N63) | Q63: =IF(A63="","",COUNTIF($B$5:$B$500,A63)) -> 0 | R63: =IF(A63="","",IF(Q63>0,COUNTIFS($B$5:$B$500,A63,$E$5:$E$500,"Done")/Q63,IF(E63="Done",1,0))) -> 0 | S63: =IF(OR(A63="",E63="Done",J63=""),"",IF(J63<TODAY(),"OVERDUE",IF(J63-TODAY()<=7,"Due this week","")))
A64: KIT-2 | C64: Kitchen | D64: Demolition | E64: Not Started | F64: Medium | G64: 2 - Rough-in | H64: Contractor | L64: KIT-1 | M64: No | P64: =IF(OR(N64="",O64=""),"",O64-N64) | Q64: =IF(A64="","",COUNTIF($B$5:$B$500,A64)) -> 0 | R64: =IF(A64="","",IF(Q64>0,COUNTIFS($B$5:$B$500,A64,$E$5:$E$500,"Done")/Q64,IF(E64="Done",1,0))) -> 0 | S64: =IF(OR(A64="",E64="Done",J64=""),"",IF(J64<TODAY(),"OVERDUE",IF(J64-TODAY()<=7,"Due this week","")))
A65: KIT-3 | C65: Kitchen | D65: Plumbing rough-in (sink, dishwasher, fridge line) | E65: Not Started | F65: Medium | G65: 2 - Rough-in | H65: Plumber | L65: KIT-2 | M65: Check | P65: =IF(OR(N65="",O65=""),"",O65-N65) | Q65: =IF(A65="","",COUNTIF($B$5:$B$500,A65)) -> 0 | R65: =IF(A65="","",IF(Q65>0,COUNTIFS($B$5:$B$500,A65,$E$5:$E$500,"Done")/Q65,IF(E65="Done",1,0))) -> 0 | S65: =IF(OR(A65="",E65="Done",J65=""),"",IF(J65<TODAY(),"OVERDUE",IF(J65-TODAY()<=7,"Due this week","")))
A66: KIT-4 | C66: Kitchen | D66: Electrical rough-in (dedicated circuits, under-cabinet lights) | E66: Not Started | F66: Medium | G66: 2 - Rough-in | H66: Electrician | L66: KIT-2 | M66: Yes | P66: =IF(OR(N66="",O66=""),"",O66-N66) | Q66: =IF(A66="","",COUNTIF($B$5:$B$500,A66)) -> 0 | R66: =IF(A66="","",IF(Q66>0,COUNTIFS($B$5:$B$500,A66,$E$5:$E$500,"Done")/Q66,IF(E66="Done",1,0))) -> 0 | S66: =IF(OR(A66="",E66="Done",J66=""),"",IF(J66<TODAY(),"OVERDUE",IF(J66-TODAY()<=7,"Due this week","")))
A67: KIT-5 | C67: Kitchen | D67: Drywall & paint | E67: Not Started | F67: Medium | G67: 3 - Insulation & Drywall | H67: Contractor | L67: KIT-3, KIT-4 | M67: No | P67: =IF(OR(N67="",O67=""),"",O67-N67) | Q67: =IF(A67="","",COUNTIF($B$5:$B$500,A67)) -> 0 | R67: =IF(A67="","",IF(Q67>0,COUNTIFS($B$5:$B$500,A67,$E$5:$E$500,"Done")/Q67,IF(E67="Done",1,0))) -> 0 | S67: =IF(OR(A67="",E67="Done",J67=""),"",IF(J67<TODAY(),"OVERDUE",IF(J67-TODAY()<=7,"Due this week","")))
A68: KIT-6 | C68: Kitchen | D68: Flooring | E68: Not Started | F68: Medium | G68: 4 - Finishes | H68: Contractor | L68: KIT-5 | M68: No | P68: =IF(OR(N68="",O68=""),"",O68-N68) | Q68: =IF(A68="","",COUNTIF($B$5:$B$500,A68)) -> 0 | R68: =IF(A68="","",IF(Q68>0,COUNTIFS($B$5:$B$500,A68,$E$5:$E$500,"Done")/Q68,IF(E68="Done",1,0))) -> 0 | S68: =IF(OR(A68="",E68="Done",J68=""),"",IF(J68<TODAY(),"OVERDUE",IF(J68-TODAY()<=7,"Due this week","")))
A69: KIT-7 | C69: Kitchen | D69: Cabinet install | E69: Not Started | F69: Medium | G69: 4 - Finishes | H69: Contractor | L69: KIT-6 | M69: No | P69: =IF(OR(N69="",O69=""),"",O69-N69) | Q69: =IF(A69="","",COUNTIF($B$5:$B$500,A69)) -> 0 | R69: =IF(A69="","",IF(Q69>0,COUNTIFS($B$5:$B$500,A69,$E$5:$E$500,"Done")/Q69,IF(E69="Done",1,0))) -> 0 | S69: =IF(OR(A69="",E69="Done",J69=""),"",IF(J69<TODAY(),"OVERDUE",IF(J69-TODAY()<=7,"Due this week","")))
A70: KIT-8 | C70: Kitchen | D70: Countertop template & install | E70: Not Started | F70: Medium | G70: 4 - Finishes | H70: Contractor | L70: KIT-7 | M70: No | P70: =IF(OR(N70="",O70=""),"",O70-N70) | Q70: =IF(A70="","",COUNTIF($B$5:$B$500,A70)) -> 0 | R70: =IF(A70="","",IF(Q70>0,COUNTIFS($B$5:$B$500,A70,$E$5:$E$500,"Done")/Q70,IF(E70="Done",1,0))) -> 0 | S70: =IF(OR(A70="",E70="Done",J70=""),"",IF(J70<TODAY(),"OVERDUE",IF(J70-TODAY()<=7,"Due this week","")))
A71: KIT-9 | C71: Kitchen | D71: Backsplash | E71: Not Started | F71: Medium | G71: 4 - Finishes | H71: Contractor | L71: KIT-8 | M71: No | P71: =IF(OR(N71="",O71=""),"",O71-N71) | Q71: =IF(A71="","",COUNTIF($B$5:$B$500,A71)) -> 0 | R71: =IF(A71="","",IF(Q71>0,COUNTIFS($B$5:$B$500,A71,$E$5:$E$500,"Done")/Q71,IF(E71="Done",1,0))) -> 0 | S71: =IF(OR(A71="",E71="Done",J71=""),"",IF(J71<TODAY(),"OVERDUE",IF(J71-TODAY()<=7,"Due this week","")))
A72: KIT-10 | C72: Kitchen | D72: Appliances & plumbing fixtures | E72: Not Started | F72: Medium | G72: 6 - Fixtures & Devices | H72: Plumber | L72: KIT-8 | M72: No | P72: =IF(OR(N72="",O72=""),"",O72-N72) | Q72: =IF(A72="","",COUNTIF($B$5:$B$500,A72)) -> 0 | R72: =IF(A72="","",IF(Q72>0,COUNTIFS($B$5:$B$500,A72,$E$5:$E$500,"Done")/Q72,IF(E72="Done",1,0))) -> 0 | S72: =IF(OR(A72="",E72="Done",J72=""),"",IF(J72<TODAY(),"OVERDUE",IF(J72-TODAY()<=7,"Due this week","")))
A73: LAU-1 | C73: Laundry Room | D73: Design: layout, cabinets / shelving, sink | E73: Not Started | F73: Medium | G73: 4 - Finishes | H73: DIY | M73: No | P73: =IF(OR(N73="",O73=""),"",O73-N73) | Q73: =IF(A73="","",COUNTIF($B$5:$B$500,A73)) -> 0 | R73: =IF(A73="","",IF(Q73>0,COUNTIFS($B$5:$B$500,A73,$E$5:$E$500,"Done")/Q73,IF(E73="Done",1,0))) -> 0 | S73: =IF(OR(A73="",E73="Done",J73=""),"",IF(J73<TODAY(),"OVERDUE",IF(J73-TODAY()<=7,"Due this week","")))
A74: LAU-2 | C74: Laundry Room | D74: Plumbing: supply, drain, washer box, floor drain check | E74: Not Started | F74: Medium | G74: 2 - Rough-in | H74: Plumber | L74: LAU-1 | M74: Check | P74: =IF(OR(N74="",O74=""),"",O74-N74) | Q74: =IF(A74="","",COUNTIF($B$5:$B$500,A74)) -> 0 | R74: =IF(A74="","",IF(Q74>0,COUNTIFS($B$5:$B$500,A74,$E$5:$E$500,"Done")/Q74,IF(E74="Done",1,0))) -> 0 | S74: =IF(OR(A74="",E74="Done",J74=""),"",IF(J74<TODAY(),"OVERDUE",IF(J74-TODAY()<=7,"Due this week","")))
A75: LAU-3 | C75: Laundry Room | D75: Electrical: 240V dryer & washer circuits | E75: Not Started | F75: Medium | G75: 2 - Rough-in | H75: Electrician | L75: LAU-1 | M75: Yes | P75: =IF(OR(N75="",O75=""),"",O75-N75) | Q75: =IF(A75="","",COUNTIF($B$5:$B$500,A75)) -> 0 | R75: =IF(A75="","",IF(Q75>0,COUNTIFS($B$5:$B$500,A75,$E$5:$E$500,"Done")/Q75,IF(E75="Done",1,0))) -> 0 | S75: =IF(OR(A75="",E75="Done",J75=""),"",IF(J75<TODAY(),"OVERDUE",IF(J75-TODAY()<=7,"Due this week","")))
A76: LAU-4 | C76: Laundry Room | D76: Dryer vent run to exterior | E76: Not Started | F76: Medium | G76: 2 - Rough-in | H76: Contractor | L76: LAU-1 | M76: No | P76: =IF(OR(N76="",O76=""),"",O76-N76) | Q76: =IF(A76="","",COUNTIF($B$5:$B$500,A76)) -> 0 | R76: =IF(A76="","",IF(Q76>0,COUNTIFS($B$5:$B$500,A76,$E$5:$E$500,"Done")/Q76,IF(E76="Done",1,0))) -> 0 | S76: =IF(OR(A76="",E76="Done",J76=""),"",IF(J76<TODAY(),"OVERDUE",IF(J76-TODAY()<=7,"Due this week","")))
A77: LAU-5 | C77: Laundry Room | D77: Flooring | E77: Not Started | F77: Medium | G77: 4 - Finishes | H77: Contractor | L77: LAU-2, LAU-3 | M77: No | P77: =IF(OR(N77="",O77=""),"",O77-N77) | Q77: =IF(A77="","",COUNTIF($B$5:$B$500,A77)) -> 0 | R77: =IF(A77="","",IF(Q77>0,COUNTIFS($B$5:$B$500,A77,$E$5:$E$500,"Done")/Q77,IF(E77="Done",1,0))) -> 0 | S77: =IF(OR(A77="",E77="Done",J77=""),"",IF(J77<TODAY(),"OVERDUE",IF(J77-TODAY()<=7,"Due this week","")))
A78: LAU-6 | C78: Laundry Room | D78: Cabinets, counter & shelving | E78: Not Started | F78: Medium | G78: 4 - Finishes | H78: Contractor | L78: LAU-5 | M78: No | P78: =IF(OR(N78="",O78=""),"",O78-N78) | Q78: =IF(A78="","",COUNTIF($B$5:$B$500,A78)) -> 0 | R78: =IF(A78="","",IF(Q78>0,COUNTIFS($B$5:$B$500,A78,$E$5:$E$500,"Done")/Q78,IF(E78="Done",1,0))) -> 0 | S78: =IF(OR(A78="",E78="Done",J78=""),"",IF(J78<TODAY(),"OVERDUE",IF(J78-TODAY()<=7,"Due this week","")))
A79: LAU-7 | C79: Laundry Room | D79: Install washer & dryer | E79: Not Started | F79: Medium | G79: 6 - Fixtures & Devices | H79: DIY | L79: LAU-6 | M79: No | P79: =IF(OR(N79="",O79=""),"",O79-N79) | Q79: =IF(A79="","",COUNTIF($B$5:$B$500,A79)) -> 0 | R79: =IF(A79="","",IF(Q79>0,COUNTIFS($B$5:$B$500,A79,$E$5:$E$500,"Done")/Q79,IF(E79="Done",1,0))) -> 0 | S79: =IF(OR(A79="",E79="Done",J79=""),"",IF(J79<TODAY(),"OVERDUE",IF(J79-TODAY()<=7,"Due this week","")))
A80: BA1-1 | C80: Upstairs Bath 1 | D80: Design: vanity, tile, shower/tub, fixtures | E80: Not Started | F80: Medium | G80: 4 - Finishes | H80: DIY | M80: No | P80: =IF(OR(N80="",O80=""),"",O80-N80) | Q80: =IF(A80="","",COUNTIF($B$5:$B$500,A80)) -> 0 | R80: =IF(A80="","",IF(Q80>0,COUNTIFS($B$5:$B$500,A80,$E$5:$E$500,"Done")/Q80,IF(E80="Done",1,0))) -> 0 | S80: =IF(OR(A80="",E80="Done",J80=""),"",IF(J80<TODAY(),"OVERDUE",IF(J80-TODAY()<=7,"Due this week","")))
A81: BA1-2 | C81: Upstairs Bath 1 | D81: Demolition | E81: Not Started | F81: Medium | G81: 2 - Rough-in | H81: Contractor | L81: BA1-1 | M81: No | P81: =IF(OR(N81="",O81=""),"",O81-N81) | Q81: =IF(A81="","",COUNTIF($B$5:$B$500,A81)) -> 0 | R81: =IF(A81="","",IF(Q81>0,COUNTIFS($B$5:$B$500,A81,$E$5:$E$500,"Done")/Q81,IF(E81="Done",1,0))) -> 0 | S81: =IF(OR(A81="",E81="Done",J81=""),"",IF(J81<TODAY(),"OVERDUE",IF(J81-TODAY()<=7,"Due this week","")))
A82: BA1-3 | C82: Upstairs Bath 1 | D82: Plumbing rough-in | E82: Not Started | F82: Medium | G82: 2 - Rough-in | H82: Plumber | L82: BA1-2 | M82: Check | P82: =IF(OR(N82="",O82=""),"",O82-N82) | Q82: =IF(A82="","",COUNTIF($B$5:$B$500,A82)) -> 0 | R82: =IF(A82="","",IF(Q82>0,COUNTIFS($B$5:$B$500,A82,$E$5:$E$500,"Done")/Q82,IF(E82="Done",1,0))) -> 0 | S82: =IF(OR(A82="",E82="Done",J82=""),"",IF(J82<TODAY(),"OVERDUE",IF(J82-TODAY()<=7,"Due this week","")))
A83: BA1-4 | C83: Upstairs Bath 1 | D83: Exhaust fan ducted to exterior | E83: Not Started | F83: Medium | G83: 2 - Rough-in | H83: Electrician | L83: BA1-2 | M83: Yes | P83: =IF(OR(N83="",O83=""),"",O83-N83) | Q83: =IF(A83="","",COUNTIF($B$5:$B$500,A83)) -> 0 | R83: =IF(A83="","",IF(Q83>0,COUNTIFS($B$5:$B$500,A83,$E$5:$E$500,"Done")/Q83,IF(E83="Done",1,0))) -> 0 | S83: =IF(OR(A83="",E83="Done",J83=""),"",IF(J83<TODAY(),"OVERDUE",IF(J83-TODAY()<=7,"Due this week","")))
A84: BA1-5 | C84: Upstairs Bath 1 | D84: Shower waterproofing & cement board | E84: Not Started | F84: Medium | G84: 3 - Insulation & Drywall | H84: Contractor | L84: BA1-3 | M84: No | P84: =IF(OR(N84="",O84=""),"",O84-N84) | Q84: =IF(A84="","",COUNTIF($B$5:$B$500,A84)) -> 0 | R84: =IF(A84="","",IF(Q84>0,COUNTIFS($B$5:$B$500,A84,$E$5:$E$500,"Done")/Q84,IF(E84="Done",1,0))) -> 0 | S84: =IF(OR(A84="",E84="Done",J84=""),"",IF(J84<TODAY(),"OVERDUE",IF(J84-TODAY()<=7,"Due this week","")))
A85: BA1-6 | C85: Upstairs Bath 1 | D85: Tile: floor & shower walls | E85: Not Started | F85: Medium | G85: 4 - Finishes | H85: Contractor | L85: BA1-5 | M85: No | P85: =IF(OR(N85="",O85=""),"",O85-N85) | Q85: =IF(A85="","",COUNTIF($B$5:$B$500,A85)) -> 0 | R85: =IF(A85="","",IF(Q85>0,COUNTIFS($B$5:$B$500,A85,$E$5:$E$500,"Done")/Q85,IF(E85="Done",1,0))) -> 0 | S85: =IF(OR(A85="",E85="Done",J85=""),"",IF(J85<TODAY(),"OVERDUE",IF(J85-TODAY()<=7,"Due this week","")))
A86: BA1-7 | C86: Upstairs Bath 1 | D86: Vanity, toilet & fixtures | E86: Not Started | F86: Medium | G86: 6 - Fixtures & Devices | H86: Plumber | L86: BA1-6 | M86: No | P86: =IF(OR(N86="",O86=""),"",O86-N86) | Q86: =IF(A86="","",COUNTIF($B$5:$B$500,A86)) -> 0 | R86: =IF(A86="","",IF(Q86>0,COUNTIFS($B$5:$B$500,A86,$E$5:$E$500,"Done")/Q86,IF(E86="Done",1,0))) -> 0 | S86: =IF(OR(A86="",E86="Done",J86=""),"",IF(J86<TODAY(),"OVERDUE",IF(J86-TODAY()<=7,"Due this week","")))
A87: BA1-8 | C87: Upstairs Bath 1 | D87: Mirror, lighting & accessories | E87: Not Started | F87: Medium | G87: 6 - Fixtures & Devices | H87: DIY | L87: BA1-7 | M87: No | P87: =IF(OR(N87="",O87=""),"",O87-N87) | Q87: =IF(A87="","",COUNTIF($B$5:$B$500,A87)) -> 0 | R87: =IF(A87="","",IF(Q87>0,COUNTIFS($B$5:$B$500,A87,$E$5:$E$500,"Done")/Q87,IF(E87="Done",1,0))) -> 0 | S87: =IF(OR(A87="",E87="Done",J87=""),"",IF(J87<TODAY(),"OVERDUE",IF(J87-TODAY()<=7,"Due this week","")))
A88: BA2-1 | C88: Upstairs Bath 2 | D88: Design: vanity, tile, shower/tub, fixtures | E88: Not Started | F88: Medium | G88: 4 - Finishes | H88: DIY | M88: No | P88: =IF(OR(N88="",O88=""),"",O88-N88) | Q88: =IF(A88="","",COUNTIF($B$5:$B$500,A88)) -> 0 | R88: =IF(A88="","",IF(Q88>0,COUNTIFS($B$5:$B$500,A88,$E$5:$E$500,"Done")/Q88,IF(E88="Done",1,0))) -> 0 | S88: =IF(OR(A88="",E88="Done",J88=""),"",IF(J88<TODAY(),"OVERDUE",IF(J88-TODAY()<=7,"Due this week","")))
A89: BA2-2 | C89: Upstairs Bath 2 | D89: Demolition | E89: Not Started | F89: Medium | G89: 2 - Rough-in | H89: Contractor | L89: BA2-1 | M89: No | P89: =IF(OR(N89="",O89=""),"",O89-N89) | Q89: =IF(A89="","",COUNTIF($B$5:$B$500,A89)) -> 0 | R89: =IF(A89="","",IF(Q89>0,COUNTIFS($B$5:$B$500,A89,$E$5:$E$500,"Done")/Q89,IF(E89="Done",1,0))) -> 0 | S89: =IF(OR(A89="",E89="Done",J89=""),"",IF(J89<TODAY(),"OVERDUE",IF(J89-TODAY()<=7,"Due this week","")))
A90: BA2-3 | C90: Upstairs Bath 2 | D90: Plumbing rough-in | E90: Not Started | F90: Medium | G90: 2 - Rough-in | H90: Plumber | L90: BA2-2 | M90: Check | P90: =IF(OR(N90="",O90=""),"",O90-N90) | Q90: =IF(A90="","",COUNTIF($B$5:$B$500,A90)) -> 0 | R90: =IF(A90="","",IF(Q90>0,COUNTIFS($B$5:$B$500,A90,$E$5:$E$500,"Done")/Q90,IF(E90="Done",1,0))) -> 0 | S90: =IF(OR(A90="",E90="Done",J90=""),"",IF(J90<TODAY(),"OVERDUE",IF(J90-TODAY()<=7,"Due this week","")))
A91: BA2-4 | C91: Upstairs Bath 2 | D91: Exhaust fan ducted to exterior | E91: Not Started | F91: Medium | G91: 2 - Rough-in | H91: Electrician | L91: BA2-2 | M91: Yes | P91: =IF(OR(N91="",O91=""),"",O91-N91) | Q91: =IF(A91="","",COUNTIF($B$5:$B$500,A91)) -> 0 | R91: =IF(A91="","",IF(Q91>0,COUNTIFS($B$5:$B$500,A91,$E$5:$E$500,"Done")/Q91,IF(E91="Done",1,0))) -> 0 | S91: =IF(OR(A91="",E91="Done",J91=""),"",IF(J91<TODAY(),"OVERDUE",IF(J91-TODAY()<=7,"Due this week","")))
A92: BA2-5 | C92: Upstairs Bath 2 | D92: Shower waterproofing & cement board | E92: Not Started | F92: Medium | G92: 3 - Insulation & Drywall | H92: Contractor | L92: BA2-3 | M92: No | P92: =IF(OR(N92="",O92=""),"",O92-N92) | Q92: =IF(A92="","",COUNTIF($B$5:$B$500,A92)) -> 0 | R92: =IF(A92="","",IF(Q92>0,COUNTIFS($B$5:$B$500,A92,$E$5:$E$500,"Done")/Q92,IF(E92="Done",1,0))) -> 0 | S92: =IF(OR(A92="",E92="Done",J92=""),"",IF(J92<TODAY(),"OVERDUE",IF(J92-TODAY()<=7,"Due this week","")))
A93: BA2-6 | C93: Upstairs Bath 2 | D93: Tile: floor & shower walls | E93: Not Started | F93: Medium | G93: 4 - Finishes | H93: Contractor | L93: BA2-5 | M93: No | P93: =IF(OR(N93="",O93=""),"",O93-N93) | Q93: =IF(A93="","",COUNTIF($B$5:$B$500,A93)) -> 0 | R93: =IF(A93="","",IF(Q93>0,COUNTIFS($B$5:$B$500,A93,$E$5:$E$500,"Done")/Q93,IF(E93="Done",1,0))) -> 0 | S93: =IF(OR(A93="",E93="Done",J93=""),"",IF(J93<TODAY(),"OVERDUE",IF(J93-TODAY()<=7,"Due this week","")))
A94: BA2-7 | C94: Upstairs Bath 2 | D94: Vanity, toilet & fixtures | E94: Not Started | F94: Medium | G94: 6 - Fixtures & Devices | H94: Plumber | L94: BA2-6 | M94: No | P94: =IF(OR(N94="",O94=""),"",O94-N94) | Q94: =IF(A94="","",COUNTIF($B$5:$B$500,A94)) -> 0 | R94: =IF(A94="","",IF(Q94>0,COUNTIFS($B$5:$B$500,A94,$E$5:$E$500,"Done")/Q94,IF(E94="Done",1,0))) -> 0 | S94: =IF(OR(A94="",E94="Done",J94=""),"",IF(J94<TODAY(),"OVERDUE",IF(J94-TODAY()<=7,"Due this week","")))
A95: BA2-8 | C95: Upstairs Bath 2 | D95: Mirror, lighting & accessories | E95: Not Started | F95: Medium | G95: 6 - Fixtures & Devices | H95: DIY | L95: BA2-7 | M95: No | P95: =IF(OR(N95="",O95=""),"",O95-N95) | Q95: =IF(A95="","",COUNTIF($B$5:$B$500,A95)) -> 0 | R95: =IF(A95="","",IF(Q95>0,COUNTIFS($B$5:$B$500,A95,$E$5:$E$500,"Done")/Q95,IF(E95="Done",1,0))) -> 0 | S95: =IF(OR(A95="",E95="Done",J95=""),"",IF(J95<TODAY(),"OVERDUE",IF(J95-TODAY()<=7,"Due this week","")))
A96: TRIM-1 | C96: Trim & Doors (Whole House) | D96: Measure baseboard & casing linear feet room by room | E96: Not Started | F96: Low | G96: 5 - Trim & Paint | H96: DIY | M96: No | P96: =IF(OR(N96="",O96=""),"",O96-N96) | Q96: =IF(A96="","",COUNTIF($B$5:$B$500,A96)) -> 0 | R96: =IF(A96="","",IF(Q96>0,COUNTIFS($B$5:$B$500,A96,$E$5:$E$500,"Done")/Q96,IF(E96="Done",1,0))) -> 0 | S96: =IF(OR(A96="",E96="Done",J96=""),"",IF(J96<TODAY(),"OVERDUE",IF(J96-TODAY()<=7,"Due this week","")))
A97: TRIM-2 | C97: Trim & Doors (Whole House) | D97: Choose baseboard, casing & door styles | E97: Not Started | F97: Low | G97: 5 - Trim & Paint | H97: DIY | M97: No | P97: =IF(OR(N97="",O97=""),"",O97-N97) | Q97: =IF(A97="","",COUNTIF($B$5:$B$500,A97)) -> 0 | R97: =IF(A97="","",IF(Q97>0,COUNTIFS($B$5:$B$500,A97,$E$5:$E$500,"Done")/Q97,IF(E97="Done",1,0))) -> 0 | S97: =IF(OR(A97="",E97="Done",J97=""),"",IF(J97<TODAY(),"OVERDUE",IF(J97-TODAY()<=7,"Due this week","")))
A98: TRIM-3 | C98: Trim & Doors (Whole House) | D98: Order interior doors & trim (allow lead time) | E98: Not Started | F98: Low | G98: 5 - Trim & Paint | H98: DIY | L98: TRIM-2 | M98: No | P98: =IF(OR(N98="",O98=""),"",O98-N98) | Q98: =IF(A98="","",COUNTIF($B$5:$B$500,A98)) -> 0 | R98: =IF(A98="","",IF(Q98>0,COUNTIFS($B$5:$B$500,A98,$E$5:$E$500,"Done")/Q98,IF(E98="Done",1,0))) -> 0 | S98: =IF(OR(A98="",E98="Done",J98=""),"",IF(J98<TODAY(),"OVERDUE",IF(J98-TODAY()<=7,"Due this week","")))
A99: TRIM-4 | C99: Trim & Doors (Whole House) | D99: Remove old trim & doors | E99: Not Started | F99: Low | G99: 5 - Trim & Paint | H99: Contractor | L99: TRIM-3 | M99: No | P99: =IF(OR(N99="",O99=""),"",O99-N99) | Q99: =IF(A99="","",COUNTIF($B$5:$B$500,A99)) -> 0 | R99: =IF(A99="","",IF(Q99>0,COUNTIFS($B$5:$B$500,A99,$E$5:$E$500,"Done")/Q99,IF(E99="Done",1,0))) -> 0 | S99: =IF(OR(A99="",E99="Done",J99=""),"",IF(J99<TODAY(),"OVERDUE",IF(J99-TODAY()<=7,"Due this week","")))
A100: TRIM-5 | C100: Trim & Doors (Whole House) | D100: Install doors, casings & baseboards | E100: Not Started | F100: Low | G100: 5 - Trim & Paint | H100: Contractor | L100: TRIM-4 | M100: No | P100: =IF(OR(N100="",O100=""),"",O100-N100) | Q100: =IF(A100="","",COUNTIF($B$5:$B$500,A100)) -> 0 | R100: =IF(A100="","",IF(Q100>0,COUNTIFS($B$5:$B$500,A100,$E$5:$E$500,"Done")/Q100,IF(E100="Done",1,0))) -> 0 | S100: =IF(OR(A100="",E100="Done",J100=""),"",IF(J100<TODAY(),"OVERDUE",IF(J100-TODAY()<=7,"Due this week",""))) | T100: Do after flooring & wall paint in each area
A101: TRIM-6 | C101: Trim & Doors (Whole House) | D101: Fill, caulk & paint trim | E101: Not Started | F101: Low | G101: 5 - Trim & Paint | H101: DIY | L101: TRIM-5 | M101: No | P101: =IF(OR(N101="",O101=""),"",O101-N101) | Q101: =IF(A101="","",COUNTIF($B$5:$B$500,A101)) -> 0 | R101: =IF(A101="","",IF(Q101>0,COUNTIFS($B$5:$B$500,A101,$E$5:$E$500,"Done")/Q101,IF(E101="Done",1,0))) -> 0 | S101: =IF(OR(A101="",E101="Done",J101=""),"",IF(J101<TODAY(),"OVERDUE",IF(J101-TODAY()<=7,"Due this week","")))
...

Sheet Contacts & Quotes
A1: Contractors, Contacts & Quotes
A2: Row 4 is an example — overwrite or delete it.
A3: Name | B3: Company | C3: Trade | D3: Phone | E3: Email | F3: Area(s) | G3: Quote ($) | H3: Quote Date | I3: Hired? | J3: Start Date | K3: Notes
A4: Jane Smith | B4: ABC Mold Solutions | C4: Remediation Co. | D4: (905) 555-0100 | E4: jane@example.com | F4: Attic, Basement | G4: 6500 | H4: 46323 | I4: No | K4: Example row — includes air testing

Sheet Lists
A1: Areas | B1: Status | C1: Priority | D1: Phase | E1: Assigned To | F1: Permit? | H1: Add new options at the bottom of any column (dropdowns read down to row 40).
A2: Admin & Possession | B2: Not Started | C2: High | D2: 1 - Remediation | E2: DIY | F2: Yes
A3: Mold Remediation | B3: Planned | C3: Medium | D3: 2 - Rough-in | E3: Contractor | F3: No
A4: Electrical Rough-in | B4: In Progress | C4: Low | D4: 3 - Insulation & Drywall | E4: Electrician | F4: Check
A5: Networking | B5: Waiting (Trade/Materials) | D5: 4 - Finishes | E5: Plumber
A6: Security Cameras | B6: On Hold | D6: 5 - Trim & Paint | E6: Remediation Co.
A7: Insulation | B7: Done | D7: 6 - Fixtures & Devices | E7: Insulation Co.
A8: Lighting & Pot Lights | E8: Low-Voltage / AV
A9: Kitchen | E9: TBD
A10: Laundry Room
A11: Upstairs Bath 1
A12: Upstairs Bath 2
A13: Trim & Doors (Whole House)
A14: Other
